"otherCellLine","cellLine","correlation"
"ME.MDA_N","ME.MDA_MB_435",0.983890542410128
"OV.OVCAR_8","OV.NCI_ADR_RES",0.97124461103411
"CNS.U251","CNS.SNB_19",0.909697397538976
"ME.MDA_MB_435","ME.M14",0.864248470778611
"ME.MDA_N","ME.M14",0.86374548825321
"RE.UO_31","RE.ACHN",0.862496669672129
"ME.UACC_257","ME.SK_MEL_28",0.861631270159253
"ME.SK_MEL_28","ME.M14",0.860508841959968
"RE.UO_31","RE.CAKI_1",0.857551037245878
"RE.RXF_393","RE.786_0",0.848028972358093
"LE.MOLT_4","LE.CCRF_CEM",0.844628638948091
"ME.UACC_257","ME.MALME_3M",0.842217543735155
"OV.OVCAR_4","OV.OVCAR_3",0.842141761491586
"RE.CAKI_1","RE.ACHN",0.839568960583072
"RE.UO_31","RE.786_0",0.828756349975589
"CNS.SNB_75","CNS.SF_539",0.82793979105885
"CO.HCT_15","CO.HCC_2998",0.82732770358318
"RE.TK_10","RE.ACHN",0.826972256543369
"ME.UACC_62","ME.M14",0.826905811662884
"ME.SK_MEL_28","ME.MALME_3M",0.825088125859737
"LC.HOP_92","BR.MDA_MB_231",0.824736571428417
"RE.TK_10","RE.786_0",0.82356294374714
"ME.UACC_62","ME.SK_MEL_28",0.820097652054196
"RE.RXF_393","RE.CAKI_1",0.818646118589529
"CNS.SF_539","BR.HS578T",0.81851569907937
"ME.UACC_62","ME.MDA_MB_435",0.817640015611849
"RE.RXF_393","RE.A498",0.817410961566529
"RE.CAKI_1","RE.A498",0.817153791083714
"ME.UACC_257","ME.M14",0.816115625209498
"LC.HOP_62","BR.MDA_MB_231",0.814858477566005
"ME.UACC_62","ME.MDA_N",0.813596184915
"ME.UACC_257","ME.SK_MEL_5",0.813454945307363
"RE.UO_31","RE.RXF_393",0.813443751688783
"RE.SN12C","OV.OVCAR_8",0.81290711500934
"RE.A498","RE.786_0",0.812173833227228
"RE.CAKI_1","RE.786_0",0.812053998191685
"RE.UO_31","RE.TK_10",0.810651143324769
"CO.HT29","CO.HCC_2998",0.80833203915143
"LC.EKVX","LC.A549",0.808179090311962
"RE.TK_10","RE.CAKI_1",0.806936779810523
"LC.HOP_92","LC.HOP_62",0.803860497100592
"CO.KM12","CO.HCC_2998",0.803643955071941
"ME.SK_MEL_28","ME.MDA_MB_435",0.803361179699935
"ME.SK_MEL_28","ME.MDA_N",0.802980669510127
"ME.SK_MEL_28","ME.SK_MEL_2",0.800792253149077
"CO.KM12","CO.HCT_15",0.800333742785823
"CNS.SNB_75","CNS.SF_295",0.799924486586835
"RE.UO_31","LC.HOP_62",0.799844453388553
"ME.SK_MEL_5","ME.SK_MEL_28",0.799484559029247
"CO.HCC_2998","CO.COLO205",0.799298984825211
"ME.UACC_62","ME.UACC_257",0.798801380472892
"BR.T47D","BR.MCF7",0.797921481891045
"RE.ACHN","RE.786_0",0.797370624216767
"RE.SN12C","OV.NCI_ADR_RES",0.797343366064894
"PR.DU_145","LC.A549",0.796309692936305
"RE.SN12C","LC.HOP_62",0.793471194409086
"LC.NCI_H226","LC.HOP_62",0.792481440897735
"RE.RXF_393","RE.ACHN",0.792044371430515
"PR.DU_145","OV.OVCAR_8",0.791504879994623
"CO.HCT_15","CO.COLO205",0.790547527540719
"CNS.SNB_75","BR.HS578T",0.790463827140684
"ME.UACC_62","ME.SK_MEL_2",0.78998488684751
"RE.TK_10","RE.RXF_393",0.789771919061338
"CNS.U251","CNS.SNB_75",0.789617923399124
"ME.UACC_62","ME.SK_MEL_5",0.789583463626894
"PR.DU_145","CO.HCT_116",0.789059094066805
"CNS.SNB_75","CNS.SNB_19",0.788223095311473
"CNS.SNB_19","CNS.SF_268",0.788184275656186
"ME.SK_MEL_2","ME.MDA_N",0.787449467610283
"PR.DU_145","OV.OVCAR_5",0.786282971001019
"RE.TK_10","RE.A498",0.786132460677549
"ME.UACC_257","ME.MDA_N",0.785846425295092
"ME.UACC_257","ME.MDA_MB_435",0.785651936892873
"ME.MALME_3M","ME.M14",0.785038003449637
"RE.CAKI_1","LC.HOP_62",0.784954667275359
"CNS.SF_268","BR.HS578T",0.784867175568649
"RE.CAKI_1","OV.SK_OV_3",0.784371935110626
"ME.SK_MEL_2","ME.MDA_MB_435",0.784102791835922
"ME.SK_MEL_2","ME.M14",0.784003112556991
"CO.KM12","CO.COLO205",0.782531289585151
"OV.OVCAR_5","CO.HCT_116",0.781460592960924
"CO.HT29","CO.HCT_15",0.781443684062058
"RE.SN12C","CNS.SF_268",0.78097520320896
"CO.HCT_15","CO.HCT_116",0.780912858349307
"CNS.SF_539","CNS.SF_295",0.780151141530953
"CNS.SF_295","CNS.SF_268",0.779850947845807
"CNS.SF_539","CNS.SF_268",0.779266452668235
"BR.HS578T","BR.BT_549",0.778612836876834
"CO.SW_620","CO.HCT_15",0.778597914175988
"PR.DU_145","OV.NCI_ADR_RES",0.778452150758693
"LC.NCI_H460","LC.A549",0.777626680045348
"CO.HT29","CO.COLO205",0.777564106722785
"OV.OVCAR_8","LC.HOP_62",0.776654596282473
"CNS.U251","CNS.SF_295",0.776104414281767
"RE.UO_31","RE.A498",0.775876823834206
"PR.DU_145","BR.MDA_MB_231",0.775130112483759
"OV.SK_OV_3","OV.OVCAR_4",0.775087272519647
"RE.ACHN","RE.A498",0.774100861414876
"CNS.SNB_19","CNS.SF_295",0.773520131459213
"OV.OVCAR_5","LC.HOP_62",0.773484690923359
"CNS.U251","CNS.SF_268",0.773011663761673
"PR.DU_145","LC.HOP_62",0.772458341949186
"RE.TK_10","PR.DU_145",0.772348019942901
"LC.NCI_H226","BR.MDA_MB_231",0.772139956970582
"RE.RXF_393","LC.HOP_92",0.771868240622493
"PR.DU_145","OV.SK_OV_3",0.771367343034313
"CNS.SF_268","BR.BT_549",0.771121954735823
"OV.NCI_ADR_RES","LC.HOP_62",0.77112185767572
"RE.RXF_393","CNS.SF_539",0.771066516485154
"CO.KM12","CO.HT29",0.770845388934093
"LC.NCI_H226","CNS.SF_268",0.770395049551941
"OV.OVCAR_5","BR.MDA_MB_231",0.769913192579306
"RE.SN12C","PR.DU_145",0.76790814670547
"LC.HOP_62","CNS.SF_268",0.767869747480806
"RE.SN12C","BR.MDA_MB_231",0.767689453321508
"LC.HOP_62","CNS.SF_295",0.767273976849707
"ME.SK_MEL_5","ME.M14",0.767120075217054
"OV.SK_OV_3","OV.IGROV1",0.766425052119408
"RE.UO_31","LC.NCI_H226",0.766317415738678
"OV.OVCAR_5","LC.A549",0.765594093641364
"LC.HOP_62","CNS.SF_539",0.765141398730788
"CNS.SF_539","BR.BT_549",0.764705806127309
"OV.OVCAR_4","OV.IGROV1",0.763912448977341
"RE.TK_10","OV.SK_OV_3",0.763798917653552
"CNS.SNB_75","CNS.SF_268",0.763028713983529
"PR.DU_145","LC.NCI_H23",0.762859038054321
"RE.UO_31","RE.SN12C",0.762660473804973
"RE.RXF_393","BR.MDA_MB_231",0.762296448627272
"ME.SK_MEL_5","ME.MALME_3M",0.761905670882013
"RE.786_0","LC.HOP_62",0.761620980123913
"PR.PC_3","OV.OVCAR_5",0.760948262992427
"RE.SN12C","LC.NCI_H226",0.760822201873303
"CNS.SNB_75","BR.BT_549",0.759676661459292
"RE.ACHN","PR.DU_145",0.759226101192171
"PR.DU_145","LC.EKVX",0.758985833539421
"RE.SN12C","RE.CAKI_1",0.75897804731066
"CO.SW_620","CO.HCT_116",0.758852064860596
"RE.CAKI_1","LC.A549",0.758497737062486
"RE.RXF_393","LC.NCI_H226",0.7582417985797
"CNS.SF_295","BR.HS578T",0.757841245492789
"RE.RXF_393","LC.HOP_62",0.757279159454756
"RE.ACHN","OV.SK_OV_3",0.756833679601294
"OV.OVCAR_8","BR.MDA_MB_231",0.756443208493133
"RE.UO_31","BR.MDA_MB_231",0.756107271819296
"LC.NCI_H226","BR.BT_549",0.755902448002345
"RE.TK_10","BR.MDA_MB_231",0.755295210494154
"RE.CAKI_1","BR.MDA_MB_231",0.755041167941167
"ME.UACC_257","ME.SK_MEL_2",0.754636222400332
"RE.UO_31","OV.SK_OV_3",0.754419511333994
"PR.PC_3","LC.HOP_62",0.754286264604505
"CO.SW_620","CO.HCC_2998",0.75415323334769
"LC.NCI_H522","LC.NCI_H23",0.752233616663316
"PR.DU_145","LC.HOP_92",0.751592345398763
"OV.OVCAR_8","CNS.SF_268",0.7514828115389
"RE.UO_31","PR.DU_145",0.751067140055493
"RE.RXF_393","BR.HS578T",0.749238565975902
"RE.CAKI_1","PR.DU_145",0.749043928514197
"OV.OVCAR_5","LC.HOP_92",0.748902932556308
"RE.786_0","BR.MDA_MB_231",0.748584569813348
"CO.SW_620","CO.COLO205",0.748015480874069
"RE.786_0","OV.SK_OV_3",0.747422552223785
"RE.A498","LC.A549",0.746466764812836
"PR.PC_3","BR.MDA_MB_231",0.745874950827297
"PR.DU_145","LC.NCI_H226",0.74532647625335
"RE.CAKI_1","LC.NCI_H226",0.74520124152413
"ME.UACC_62","ME.MALME_3M",0.745071673673413
"OV.OVCAR_8","LC.NCI_H226",0.743961883187698
"PR.PC_3","PR.DU_145",0.743960241494122
"OV.SK_OV_3","OV.OVCAR_5",0.743951967371803
"RE.SN12C","BR.BT_549",0.743847363827056
"OV.SK_OV_3","LC.A549",0.742835852067592
"LC.HOP_62","BR.BT_549",0.742682375473837
"RE.A498","LC.NCI_H226",0.742388323259756
"ME.SK_MEL_5","ME.MDA_N",0.74188710074301
"RE.UO_31","OV.OVCAR_8",0.741859980705578
"RE.ACHN","BR.MDA_MB_231",0.741812854102915
"RE.CAKI_1","OV.OVCAR_8",0.741641376524489
"CNS.U251","CNS.SF_539",0.740482771074335
"RE.UO_31","OV.NCI_ADR_RES",0.740469496437524
"OV.OVCAR_5","LC.EKVX",0.740338410385415
"RE.786_0","LC.NCI_H226",0.740157398631485
"RE.RXF_393","BR.BT_549",0.740143773704886
"RE.RXF_393","CNS.SNB_75",0.739993437114263
"ME.SK_MEL_5","ME.MDA_MB_435",0.739706432196046
"PR.DU_145","LC.NCI_H322M",0.739627765547054
"RE.UO_31","OV.OVCAR_5",0.739398688591792
"LC.NCI_H226","BR.HS578T",0.73924174158725
"RE.CAKI_1","OV.NCI_ADR_RES",0.739214432586716
"LC.NCI_H226","CNS.SF_539",0.739057850268773
"PR.DU_145","OV.OVCAR_4",0.738999203876228
"RE.786_0","PR.DU_145",0.738967824902914
"RE.ACHN","LC.HOP_62",0.738847248060757
"OV.NCI_ADR_RES","BR.MDA_MB_231",0.738839467784254
"RE.CAKI_1","OV.OVCAR_5",0.738642811496159
"RE.SN12C","RE.ACHN",0.73799978098518
"RE.CAKI_1","LC.HOP_92",0.737840633335616
"RE.ACHN","OV.OVCAR_5",0.737775643987364
"LC.NCI_H23","LC.A549",0.737543564808553
"RE.SN12C","LC.HOP_92",0.736950563553221
"RE.RXF_393","OV.SK_OV_3",0.736420861918268
"RE.A498","OV.SK_OV_3",0.736252484850455
"OV.NCI_ADR_RES","CNS.SF_268",0.735486594147403
"OV.OVCAR_5","CO.HCT_15",0.735477997413186
"RE.786_0","LC.HOP_92",0.735326913364738
"OV.SK_OV_3","OV.OVCAR_8",0.735287968832757
"CO.HCT_116","CO.HCC_2998",0.735114338457542
"OV.OVCAR_5","CO.SW_620",0.734748873157785
"RE.UO_31","LC.HOP_92",0.734170375667223
"OV.NCI_ADR_RES","LC.NCI_H226",0.734165615148487
"LC.HOP_62","CNS.U251",0.734027027867844
"RE.UO_31","CNS.SF_268",0.733698940556468
"CNS.SNB_19","CNS.SF_539",0.733312317586921
"OV.SK_OV_3","OV.OVCAR_3",0.732904096667305
"RE.ACHN","OV.OVCAR_8",0.7327914325698
"LC.NCI_H23","LC.HOP_62",0.732473510952194
"RE.CAKI_1","PR.PC_3",0.732371865405605
"OV.SK_OV_3","BR.MDA_MB_231",0.732304761797988
"RE.TK_10","OV.OVCAR_5",0.732093482190275
"ME.SK_MEL_2","ME.MALME_3M",0.731942272743049
"LC.NCI_H226","CNS.SNB_75",0.731563237250267
"RE.ACHN","LC.A549",0.731198037041275
"LC.HOP_62","BR.HS578T",0.730498608978938
"CO.SW_620","CO.KM12",0.730268680066758
"PR.PC_3","CO.HCT_116",0.729484409030861
"CNS.SF_295","BR.BT_549",0.729286027881603
"LC.NCI_H226","LC.HOP_92",0.729229033770098
"RE.CAKI_1","BR.BT_549",0.728757706437818
"LC.NCI_H23","LC.EKVX",0.72850186443575
"RE.TK_10","OV.OVCAR_8",0.7280563754061
"RE.TK_10","LC.HOP_62",0.727943325261018
"RE.SN12C","RE.786_0",0.727577207985959
"RE.ACHN","OV.NCI_ADR_RES",0.727554663982799
"PR.DU_145","CO.HCT_15",0.727519156280421
"RE.786_0","CNS.SF_539",0.72743034684934
"RE.SN12C","ME.LOXIMVI",0.727287876136658
"RE.A498","PR.DU_145",0.726958529110535
"OV.OVCAR_5","LC.NCI_H322M",0.726065949294885
"LC.NCI_H322M","CO.HCT_15",0.725978439974385
"PR.PC_3","LC.HOP_92",0.725955803673907
"CNS.SF_268","BR.MDA_MB_231",0.725361021336475
"OV.OVCAR_5","OV.IGROV1",0.725222092162885
"ME.MDA_N","ME.MALME_3M",0.724798755846382
"CO.KM12","CO.HCT_116",0.724793574401577
"LC.NCI_H226","CNS.SF_295",0.724647310253754
"RE.SN12C","CNS.SF_295",0.724425894116871
"OV.SK_OV_3","LC.NCI_H226",0.724188044869369
"RE.UO_31","OV.OVCAR_4",0.724041470030798
"RE.786_0","OV.OVCAR_5",0.724002619498145
"RE.CAKI_1","CNS.SF_295",0.723930835443791
"OV.OVCAR_5","LC.NCI_H226",0.723853600393861
"OV.SK_OV_3","OV.NCI_ADR_RES",0.723468335819232
"ME.MDA_MB_435","ME.MALME_3M",0.723279774600273
"PR.PC_3","LC.NCI_H226",0.723187631949048
"OV.OVCAR_8","LC.NCI_H23",0.723076605779549
"RE.RXF_393","CNS.SF_295",0.723016230301365
"OV.OVCAR_3","OV.IGROV1",0.722857418748669
"LC.HOP_62","CNS.SNB_19",0.722839785827666
"OV.OVCAR_4","CO.HCT_116",0.722806918623445
"OV.SK_OV_3","LC.HOP_62",0.722502058347805
"PR.DU_145","LC.NCI_H460",0.722463024189705
"RE.786_0","LC.A549",0.722431539462879
"RE.TK_10","OV.OVCAR_4",0.722399111265654
"ME.SK_MEL_5","ME.SK_MEL_2",0.722268448258542
"LC.HOP_62","LC.A549",0.72221687918089
"OV.OVCAR_5","OV.OVCAR_4",0.722124147199003
"RE.TK_10","LC.NCI_H226",0.721690728664437
"RE.RXF_393","OV.OVCAR_8",0.721524750089833
"RE.CAKI_1","OV.OVCAR_4",0.721406648366505
"RE.786_0","PR.PC_3",0.721375857879014
"RE.SN12C","CNS.SF_539",0.720873647171682
"PR.PC_3","OV.SK_OV_3",0.720305021329616
"CO.HCT_15","BR.MCF7",0.72029508852552
"LC.A549","CO.HCT_116",0.720275425429165
"RE.SN12C","PR.PC_3",0.719826801595843
"OV.OVCAR_5","CO.HT29",0.719400903549055
"LC.NCI_H322M","CO.HCT_116",0.71888695292633
"RE.ACHN","LC.NCI_H226",0.718828764408749
"RE.TK_10","LC.A549",0.718797901367941
"OV.NCI_ADR_RES","LC.NCI_H23",0.718696783098704
"LC.NCI_H460","LC.NCI_H23",0.718460186099791
"RE.TK_10","LC.HOP_92",0.718246215208856
"OV.OVCAR_8","BR.BT_549",0.718031990316474
"RE.SN12C","LC.NCI_H23",0.717578469155197
"RE.786_0","CNS.SF_295",0.716919053629806
"RE.CAKI_1","LC.EKVX",0.716650140341348
"RE.786_0","OV.OVCAR_8",0.716317620895106
"LC.NCI_H460","LC.EKVX",0.716239744729772
"RE.786_0","CNS.SF_268",0.716143138140849
"RE.SN12C","RE.RXF_393",0.715729931150168
"LC.NCI_H226","LC.A549",0.715630418745187
"RE.SN12C","OV.SK_OV_3",0.71549386403379
"PR.DU_145","OV.IGROV1",0.715474378918025
"RE.TK_10","OV.NCI_ADR_RES",0.715217135812059
"RE.UO_31","LC.A549",0.714969987026902
"RE.UO_31","CNS.SF_295",0.714612475112074
"RE.UO_31","PR.PC_3",0.714526534653754
"RE.RXF_393","OV.NCI_ADR_RES",0.714388150769717
"BR.MDA_MB_231","BR.BT_549",0.714310271668313
"OV.OVCAR_5","OV.NCI_ADR_RES",0.71411459423915
"LC.HOP_62","CNS.SNB_75",0.714103277147086
"BR.MDA_MB_231","BR.HS578T",0.714036688881654
"OV.IGROV1","CO.HCT_116",0.713897587729614
"RE.786_0","BR.HS578T",0.713850482885305
"RE.TK_10","RE.SN12C",0.713780478482067
"RE.ACHN","LC.HOP_92",0.713763329533061
"OV.OVCAR_8","OV.OVCAR_5",0.713286477129066
"LC.HOP_92","CNS.SF_539",0.713207895627964
"RE.UO_31","BR.BT_549",0.713004156129094
"ME.LOXIMVI","LC.HOP_62",0.71261718890502
"RE.RXF_393","OV.OVCAR_5",0.712612301232575
"LC.HOP_92","CNS.SF_295",0.712416003986424
"RE.A498","LC.HOP_62",0.712392983191472
"RE.786_0","CNS.U251",0.712333602914328
"RE.RXF_393","PR.DU_145",0.71233029068616
"RE.CAKI_1","CNS.U251",0.712153755524918
"RE.RXF_393","OV.OVCAR_4",0.712052635653619
"RE.A498","BR.MDA_MB_231",0.711197826566353
"OV.OVCAR_4","LC.NCI_H322M",0.71113066851235
"RE.CAKI_1","OV.IGROV1",0.710669625135578
"OV.OVCAR_4","BR.MDA_MB_231",0.710655274474432
"LC.NCI_H226","CNS.U251",0.710434410667494
"RE.RXF_393","CNS.SF_268",0.71025520595222
"OV.OVCAR_5","CO.KM12",0.710252499339751
"PR.PC_3","CNS.SF_295",0.710197674199097
"OV.OVCAR_8","LC.HOP_92",0.710158832716676
"RE.TK_10","OV.IGROV1",0.709224926522131
"RE.786_0","OV.NCI_ADR_RES",0.709135075902293
"CNS.SNB_19","BR.HS578T",0.708980186262546
"LC.NCI_H23","CO.HCT_116",0.708258561658803
"CNS.U251","BR.HS578T",0.707849035909324
"CNS.SNB_19","BR.BT_549",0.70777114952942
"RE.SN12C","LC.A549",0.707696439199641
"CNS.U251","BR.BT_549",0.707493703904907
"RE.RXF_393","CNS.U251",0.707173753929382
"CO.HCT_116","BR.MCF7",0.706826058491188
"CO.HCT_116","BR.MDA_MB_231",0.706644467926246
"OV.SK_OV_3","LC.NCI_H322M",0.706378378978571
"RE.A498","CNS.SF_295",0.706066690902456
"RE.ACHN","OV.OVCAR_4",0.706039565091801
"OV.NCI_ADR_RES","LC.HOP_92",0.705644509560823
"RE.A498","OV.OVCAR_5",0.705348559089416
"ME.LOXIMVI","CNS.SF_295",0.705317757790374
"OV.OVCAR_8","OV.OVCAR_4",0.705146132103833
"LC.NCI_H322M","LC.A549",0.704885286466722
"RE.CAKI_1","CNS.SF_539",0.70463402556461
"LC.NCI_H226","CNS.SNB_19",0.704442198442363
"RE.786_0","CNS.SNB_19",0.704178656258003
"LC.NCI_H23","BR.BT_549",0.703401581467324
"ME.LOXIMVI","CNS.SF_268",0.703286748799912
"LC.HOP_92","BR.BT_549",0.703224485817492
"PR.DU_145","OV.OVCAR_3",0.703221018678159
"PR.PC_3","OV.NCI_ADR_RES",0.703217955898557
"OV.NCI_ADR_RES","BR.BT_549",0.702917395034656
"RE.A498","CNS.SF_539",0.702852976868585
"OV.OVCAR_5","CO.HCC_2998",0.70261115208948
"CO.SW_620","CO.HT29",0.70257926227498
"OV.OVCAR_4","LC.HOP_62",0.701847317198878
"OV.OVCAR_4","CO.HCT_15",0.701810045865455
"RE.RXF_393","PR.PC_3",0.701603081904035
"RE.A498","OV.OVCAR_8",0.701597970809658
"RE.ACHN","OV.IGROV1",0.701492021316076
"LC.NCI_H322M","CO.HCC_2998",0.70139189809856
"OV.OVCAR_5","LC.NCI_H23",0.701381231651507
"RE.SN12C","CNS.U251",0.701268094235399
"CNS.SF_539","BR.MDA_MB_231",0.700700457565593
"ME.LOXIMVI","CNS.SF_539",0.700249660053047
"CNS.SF_295","BR.MDA_MB_231",0.700129261287583
"OV.OVCAR_4","OV.NCI_ADR_RES",0.700095836648154
"RE.786_0","OV.OVCAR_4",0.698948905295365
"LC.HOP_62","LC.EKVX",0.698828332293515
"RE.UO_31","CNS.U251",0.698801793565021
"OV.IGROV1","LC.A549",0.698795467037181
"RE.SN12C","BR.HS578T",0.698748481666091
"PR.PC_3","OV.OVCAR_8",0.698618334698483
"LC.NCI_H460","LC.HOP_62",0.698481675429872
"RE.786_0","BR.BT_549",0.698225334533826
"OV.SK_OV_3","LC.EKVX",0.698047370023654
"RE.UO_31","CNS.SF_539",0.697923485842942
"RE.A498","OV.NCI_ADR_RES",0.697921827884427
"RE.A498","CNS.U251",0.697475720579848
"PR.DU_145","BR.MCF7",0.696806701884634
"RE.TK_10","PR.PC_3",0.696464215628414
"PR.PC_3","CNS.U251",0.696330101755808
"PR.PC_3","LC.A549",0.696255881761934
"RE.SN12C","CNS.SNB_19",0.696181111808953
"RE.TK_10","LC.EKVX",0.695540402399852
"OV.OVCAR_8","CNS.SF_539",0.695474589793
"ME.LOXIMVI","LC.NCI_H226",0.695090039413801
"RE.CAKI_1","CNS.SF_268",0.694638479301438
"OV.OVCAR_8","LC.A549",0.694539435254475
"RE.TK_10","CO.HCT_116",0.693236656586507
"OV.SK_OV_3","CO.HCT_116",0.693199532734754
"OV.OVCAR_4","LC.EKVX",0.69267065182054
"RE.SN12C","RE.A498",0.692253772843111
"RE.A498","OV.OVCAR_4",0.692184224045456
"PR.PC_3","LC.NCI_H322M",0.692092296169906
"LC.HOP_92","BR.HS578T",0.691990793192691
"CO.HT29","CO.HCT_116",0.69125743808598
"OV.NCI_ADR_RES","CNS.SF_539",0.690916310510928
"LC.EKVX","CO.HCT_116",0.690895733240891
"PR.DU_145","CO.SW_620",0.690893232200332
"OV.OVCAR_4","LC.A549",0.690818498031007
"RE.A498","LC.HOP_92",0.690754502146156
"PR.DU_145","CO.HCC_2998",0.690521188124385
"RE.CAKI_1","OV.OVCAR_3",0.690349107324608
"RE.SN12C","CNS.SNB_75",0.690329205492701
"RE.UO_31","OV.IGROV1",0.690121274243684
"RE.RXF_393","LC.A549",0.690061840352857
"RE.UO_31","BR.HS578T",0.689840807704396
"LC.NCI_H322M","CO.HT29",0.689728370471576
"OV.OVCAR_3","CO.HCT_116",0.689707288250276
"RE.A498","LC.EKVX",0.689696046149301
"RE.A498","BR.BT_549",0.689271561214212
"ME.LOXIMVI","BR.MDA_MB_231",0.687796625014778
"OV.OVCAR_5","LC.NCI_H460",0.687387693643209
"RE.CAKI_1","LC.NCI_H23",0.687126354186581
"OV.NCI_ADR_RES","CO.HCT_116",0.687058917511189
"RE.A498","PR.PC_3",0.686978539601563
"RE.A498","CNS.SNB_75",0.686874030265253
"RE.UO_31","LC.EKVX",0.686769072274477
"PR.PC_3","OV.OVCAR_4",0.686746666078464
"ME.LOXIMVI","LC.HOP_92",0.686540857510265
"PR.PC_3","LC.EKVX",0.686462160837446
"PR.DU_145","BR.BT_549",0.686302563768288
"RE.ACHN","PR.PC_3",0.686261652705281
"RE.SN12C","OV.OVCAR_5",0.685960315122316
"ME.LOXIMVI","BR.HS578T",0.685837150046584
"LC.HOP_62","CO.HCT_116",0.685785728740959
"RE.CAKI_1","BR.HS578T",0.685424729166094
"OV.OVCAR_8","CO.HCT_116",0.685345965745719
"RE.A498","CNS.SNB_19",0.685193936590861
"PR.DU_145","CNS.SF_268",0.684950772973864
"PR.PC_3","BR.BT_549",0.684752041096203
"RE.A498","BR.HS578T",0.684553153054064
"OV.OVCAR_8","OV.OVCAR_3",0.684535741690208
"RE.A498","LC.NCI_H460",0.684303128878165
"RE.786_0","ME.LOXIMVI",0.68429312152151
"OV.NCI_ADR_RES","LC.A549",0.684213661524749
"LC.NCI_H460","CNS.U251",0.68374054267652
"LC.NCI_H322M","BR.T47D",0.683537232559571
"OV.OVCAR_3","OV.NCI_ADR_RES",0.683444524950424
"OV.OVCAR_3","LC.NCI_H322M",0.683156212822938
"LC.HOP_92","CNS.SNB_75",0.683124590170274
"LC.NCI_H460","LC.NCI_H226",0.682864345647702
"RE.UO_31","CNS.SNB_19",0.682837270663053
"PR.PC_3","ME.LOXIMVI",0.682740587087664
"ME.LOXIMVI","BR.BT_549",0.682527055795989
"RE.TK_10","OV.OVCAR_3",0.682196657274168
"CNS.U251","BR.MDA_MB_231",0.682190334745166
"RE.ACHN","CO.HCT_116",0.682032074934304
"OV.NCI_ADR_RES","ME.LOXIMVI",0.68190409302407
"RE.RXF_393","LC.EKVX",0.681474695056835
"LC.NCI_H322M","CO.KM12",0.681374916466817
"LC.HOP_92","CNS.SF_268",0.681173898968675
"OV.OVCAR_8","OV.IGROV1",0.681053149921642
"RE.786_0","OV.IGROV1",0.68072607181597
"RE.786_0","CNS.SNB_75",0.680717253261008
"PR.DU_145","LC.NCI_H522",0.680527693916412
"OV.OVCAR_3","LC.HOP_62",0.680364839529792
"CO.HCT_15","BR.T47D",0.680148051146028
"OV.SK_OV_3","LC.HOP_92",0.68014006692981
"RE.CAKI_1","CNS.SNB_19",0.680072031700378
"RE.RXF_393","CNS.SNB_19",0.680047937655136
"ME.UACC_62","CNS.SNB_75",0.67992415435485
"LC.NCI_H23","LC.NCI_H226",0.679716374597185
"OV.OVCAR_4","BR.T47D",0.679478068464572
"RE.UO_31","CNS.SNB_75",0.67940942720986
"RE.CAKI_1","CNS.SNB_75",0.67924948893647
"RE.786_0","LC.EKVX",0.679113567271534
"LC.HOP_92","CO.HCT_116",0.678852418007595
"CNS.SNB_19","BR.MDA_MB_231",0.678708727335995
"OV.SK_OV_3","BR.BT_549",0.678616293192358
"LC.A549","CO.HCT_15",0.6784867668963
"RE.UO_31","OV.OVCAR_3",0.678303420741729
"CNS.SNB_75","BR.MDA_MB_231",0.678296918801722
"OV.OVCAR_4","LC.NCI_H23",0.678167782370348
"LC.A549","BR.MDA_MB_231",0.678061263679706
"OV.OVCAR_4","BR.MCF7",0.677235994545923
"PR.PC_3","OV.OVCAR_3",0.677213936653564
"OV.OVCAR_4","LC.NCI_H226",0.677025729795246
"RE.ACHN","LC.EKVX",0.676784345972727
"RE.CAKI_1","ME.LOXIMVI",0.676543459274492
"RE.CAKI_1","LC.NCI_H460",0.676143864373707
"OV.OVCAR_8","ME.LOXIMVI",0.675879177799734
"LC.NCI_H226","LC.EKVX",0.675797631662403
"LC.HOP_92","CNS.U251",0.675563855891386
"CO.HCC_2998","BR.MCF7",0.675415820633912
"PR.PC_3","LC.NCI_H460",0.67536896202109
"RE.A498","OV.IGROV1",0.6749866440444
"RE.ACHN","CNS.SF_268",0.674794702822767
"LC.NCI_H322M","BR.MCF7",0.674700681489642
"PR.PC_3","CNS.SF_268",0.673859492732687
"RE.ACHN","OV.OVCAR_3",0.673728457777307
"RE.ACHN","CNS.U251",0.673358342767935
"OV.IGROV1","CO.HCT_15",0.673159987918241
"OV.OVCAR_8","CNS.SF_295",0.672683217409063
"RE.RXF_393","ME.LOXIMVI",0.672681962700564
"PR.DU_145","CNS.U251",0.672390337100668
"OV.OVCAR_8","LC.NCI_H522",0.672224722133569
"OV.OVCAR_8","BR.HS578T",0.672150666782972
"PR.PC_3","OV.IGROV1",0.672020713157175
"LC.NCI_H322M","LC.EKVX",0.671942461423286
"RE.TK_10","LC.NCI_H23",0.671310374067697
"RE.ACHN","LC.NCI_H23",0.671057827205467
"OV.OVCAR_8","LC.EKVX",0.670291063072629
"OV.OVCAR_5","OV.OVCAR_3",0.670022638831394
"RE.ACHN","BR.BT_549",0.669963894260554
"OV.OVCAR_5","CNS.SF_295",0.669941841764649
"OV.OVCAR_3","CO.HCT_15",0.669908000331621
"RE.TK_10","BR.BT_549",0.669852887047784
"OV.NCI_ADR_RES","OV.IGROV1",0.669631938508527
"LC.EKVX","BR.MDA_MB_231",0.669598154619282
"LC.NCI_H23","LC.HOP_92",0.669379674659434
"LC.A549","CNS.U251",0.669215661019822
"OV.OVCAR_4","CO.HCC_2998",0.668829433885444
"LC.HOP_92","CNS.SNB_19",0.66871175377381
"OV.NCI_ADR_RES","CNS.SF_295",0.66868196172527
"RE.CAKI_1","CO.HCT_116",0.668520334448132
"RE.UO_31","ME.LOXIMVI",0.668296125667408
"OV.OVCAR_8","CNS.U251",0.668280013234576
"PR.PC_3","LC.NCI_H23",0.668274404958515
"RE.SN12C","LC.EKVX",0.667952493372456
"LC.A549","CO.HCC_2998",0.667588862066613
"LC.NCI_H23","BR.MCF7",0.667450207330911
"ME.M14","CNS.SNB_75",0.66728654743499
"LC.NCI_H460","CNS.SNB_19",0.667221915837992
"OV.SK_OV_3","LC.NCI_H23",0.667205959072533
"OV.SK_OV_3","CNS.SF_268",0.666868741046653
"RE.SN12C","CO.HCT_116",0.666836830976154
"RE.UO_31","LC.NCI_H23",0.666437146374851
"RE.A498","CNS.SF_268",0.666281625855728
"RE.RXF_393","OV.OVCAR_3",0.665966081376058
"RE.SN12C","LC.NCI_H460",0.665941848725485
"ME.M14","CNS.SF_295",0.665548426289124
"OV.IGROV1","BR.MDA_MB_231",0.665545044292134
"LC.NCI_H23","BR.MDA_MB_231",0.665144523318323
"LC.NCI_H460","CNS.SF_295",0.665102185641114
"CO.SW_620","BR.MCF7",0.665005609845199
"ME.UACC_62","CNS.SF_295",0.66462956229855
"LC.NCI_H460","CO.HCT_116",0.664482865494323
"RE.ACHN","CNS.SF_295",0.664416110145099
"PR.DU_145","CNS.SNB_19",0.664342633906494
"PR.PC_3","BR.HS578T",0.664270794898567
"LC.NCI_H460","LC.NCI_H322M",0.663902497421233
"OV.SK_OV_3","CO.HCT_15",0.663873940876828
"RE.ACHN","CNS.SF_539",0.663845629832593
"RE.SN12C","OV.OVCAR_4",0.663699043448948
"PR.DU_145","BR.T47D",0.663617081898074
"ME.M14","LC.HOP_62",0.663537924200599
"RE.UO_31","CO.HCT_116",0.663123543975966
"OV.OVCAR_4","CO.SW_620",0.662101390783461
"LC.A549","CO.SW_620",0.662011231852973
"LC.NCI_H23","CNS.SF_539",0.661946602987194
"LC.HOP_92","LC.EKVX",0.661724435528863
"LC.A549","CNS.SF_268",0.661490730773961
"LC.NCI_H322M","BR.MDA_MB_231",0.661419590693175
"RE.A498","LC.NCI_H23",0.661101157577719
"OV.NCI_ADR_RES","LC.EKVX",0.661083294787771
"LC.A549","CNS.SNB_19",0.661008010991229
"LC.NCI_H322M","LC.HOP_62",0.660751325349384
"RE.RXF_393","LC.NCI_H23",0.660724392234712
"OV.OVCAR_8","CNS.SNB_75",0.660557878003176
"LE.HL_60","LE.CCRF_CEM",0.660326579947278
"OV.OVCAR_5","CNS.U251",0.660304856845068
"OV.NCI_ADR_RES","BR.HS578T",0.660117002713604
"OV.OVCAR_4","CNS.U251",0.660058588687021
"OV.IGROV1","CO.SW_620",0.659934346342648
"OV.SK_OV_3","CNS.U251",0.659931067172542
"OV.OVCAR_8","LC.NCI_H460",0.659844176026562
"RE.RXF_393","OV.IGROV1",0.659815494538737
"CO.HCT_116","BR.T47D",0.65980069338679
"LC.EKVX","CO.HCT_15",0.65978386929489
"OV.OVCAR_3","LC.NCI_H23",0.659702267329473
"OV.NCI_ADR_RES","LC.NCI_H460",0.659682814203729
"OV.NCI_ADR_RES","LC.NCI_H522",0.659640103683874
"OV.OVCAR_3","LC.A549",0.659241127721057
"OV.NCI_ADR_RES","CNS.U251",0.659023548888305
"OV.OVCAR_4","LC.HOP_92",0.658776545067621
"OV.IGROV1","LC.EKVX",0.658679441743241
"OV.SK_OV_3","LC.NCI_H460",0.658513690818873
"OV.SK_OV_3","CNS.SNB_19",0.658262522879839
"ME.MDA_MB_435","ME.LOXIMVI",0.658242808875922
"PR.PC_3","CNS.SNB_19",0.658231096018611
"OV.SK_OV_3","CNS.SF_295",0.658151919993331
"LC.A549","BR.BT_549",0.657749665012511
"LC.HOP_92","LC.A549",0.657614993079658
"OV.OVCAR_8","CNS.SNB_19",0.65756231098453
"RE.TK_10","CO.HCT_15",0.657434262810316
"ME.M14","ME.LOXIMVI",0.657187602452001
"OV.NCI_ADR_RES","CNS.SNB_75",0.656710501742042
"RE.SN12C","LC.NCI_H522",0.656447141011722
"OV.OVCAR_3","CNS.U251",0.656216123809127
"RE.A498","CO.HCT_116",0.656134226957678
"PR.PC_3","CO.HCT_15",0.656098626871817
"ME.M14","CNS.SF_539",0.656067469624378
"RE.TK_10","CNS.U251",0.655643344557602
"ME.UACC_62","CNS.U251",0.655393340593831
"CO.HCT_15","BR.MDA_MB_231",0.655379571861238
"LC.A549","CNS.SF_295",0.655358820574153
"OV.IGROV1","LC.NCI_H23",0.654831691850446
"PR.DU_145","CO.KM12",0.654657205529655
"RE.ACHN","CNS.SNB_19",0.654651526975296
"RE.786_0","CO.HCT_116",0.654547931204574
"ME.M14","CNS.SNB_19",0.654300367766745
"RE.TK_10","CNS.SNB_19",0.654133129618077
"RE.TK_10","CNS.SF_268",0.65407224791153
"RE.SN12C","ME.M14",0.654064922923701
"OV.OVCAR_5","CO.COLO205",0.653885127416425
"LC.EKVX","BR.BT_549",0.653798508524164
"LC.NCI_H460","LC.HOP_92",0.653650508893925
"PR.PC_3","CNS.SF_539",0.653484290042053
"OV.OVCAR_4","CO.HT29",0.652913434723882
"PR.PC_3","CO.HCC_2998",0.652872048443934
"ME.MDA_N","ME.LOXIMVI",0.652813348319537
"ME.LOXIMVI","CNS.U251",0.652290798494743
"LC.NCI_H23","CNS.SF_295",0.652284907158128
"PR.PC_3","CO.KM12",0.652270037438696
"LC.NCI_H23","CNS.SF_268",0.652052359850417
"OV.OVCAR_3","BR.MCF7",0.652022882930192
"ME.UACC_62","ME.LOXIMVI",0.651950811755084
"ME.UACC_62","CNS.SNB_19",0.651925314061743
"ME.LOXIMVI","CNS.SNB_75",0.651467284622192
"RE.786_0","OV.OVCAR_3",0.651302028964797
"OV.SK_OV_3","CNS.SF_539",0.651048581541959
"ME.M14","BR.BT_549",0.650606587049748
"ME.MDA_MB_435","BR.HS578T",0.650239481901044
"PR.DU_145","CNS.SF_295",0.649910906768132
"RE.TK_10","CNS.SF_539",0.649256800314699
"ME.UACC_62","CNS.SF_539",0.648760921378868
"LC.NCI_H226","CO.HCT_116",0.648330171241504
"OV.OVCAR_5","CNS.SF_268",0.648153446996419
"RE.A498","ME.LOXIMVI",0.648141187750336
"RE.786_0","LC.NCI_H460",0.648105153757826
"RE.A498","OV.OVCAR_3",0.647987811979072
"ME.LOXIMVI","CNS.SNB_19",0.647220746402416
"ME.MDA_MB_435","CNS.SNB_75",0.647156180500705
"ME.M14","CNS.SF_268",0.647133139657392
"ME.UACC_62","BR.HS578T",0.647029891977203
"LC.NCI_H522","LC.A549",0.646988775889064
"OV.OVCAR_3","BR.MDA_MB_231",0.646833745359047
"RE.TK_10","LC.NCI_H322M",0.646533092256741
"PR.PC_3","CNS.SNB_75",0.646462857031707
"RE.A498","ME.M14",0.645887274919189
"PR.PC_3","CO.SW_620",0.645366268458064
"PR.DU_145","CNS.SF_539",0.645267480223356
"RE.ACHN","LC.NCI_H460",0.645266303500594
"RE.TK_10","LC.NCI_H460",0.644547987491948
"OV.OVCAR_5","BR.BT_549",0.644509712645791
"LE.MOLT_4","LE.HL_60",0.644415063236991
"LC.NCI_H522","BR.MCF7",0.64422709712092
"OV.OVCAR_5","CNS.SNB_19",0.64401831955224
"OV.OVCAR_4","BR.BT_549",0.643818634265935
"OV.IGROV1","LC.NCI_H522",0.643624607714166
"RE.CAKI_1","LC.NCI_H322M",0.643338295577488
"LC.NCI_H322M","CO.SW_620",0.643198296848215
"RE.SN12C","OV.IGROV1",0.642985307236963
"LC.NCI_H522","CO.HCT_116",0.642942690288783
"CO.HCT_116","CO.COLO205",0.642852024982835
"OV.OVCAR_5","ME.LOXIMVI",0.642692755884468
"LC.NCI_H322M","LC.NCI_H226",0.642685231929143
"LC.NCI_H23","CNS.SNB_19",0.642467566723985
"ME.MDA_MB_435","CNS.SF_295",0.642365829045584
"ME.MDA_MB_435","CNS.SNB_19",0.642117081479822
"LC.NCI_H322M","LC.NCI_H23",0.642040334784162
"OV.NCI_ADR_RES","CNS.SNB_19",0.641986119422806
"LC.NCI_H460","BR.BT_549",0.641894090480555
"LC.NCI_H23","CNS.U251",0.64179538394175
"LC.NCI_H23","CNS.SNB_75",0.641405908874212
"OV.OVCAR_5","CNS.SF_539",0.641358070491418
"RE.SN12C","OV.OVCAR_3",0.641208307547676
"ME.M14","CNS.U251",0.641092348266306
"PR.DU_145","CO.HT29",0.640959218781068
"OV.IGROV1","LC.NCI_H322M",0.64081073641844
"OV.IGROV1","LC.HOP_62",0.640613074786036
"OV.OVCAR_5","BR.MCF7",0.640504820027788
"CO.SW_620","BR.MDA_MB_231",0.639943351428478
"RE.ACHN","ME.LOXIMVI",0.639801101186637
"LC.NCI_H460","BR.MDA_MB_231",0.639790666866273
"OV.IGROV1","BR.MCF7",0.639637389679718
"ME.MDA_MB_435","CNS.SF_539",0.639616840398774
"RE.RXF_393","LC.NCI_H460",0.639602179692842
"ME.MDA_N","BR.HS578T",0.639298958316198
"ME.SK_MEL_2","ME.LOXIMVI",0.63926575314245
"ME.MDA_MB_435","CNS.U251",0.639167951338277
"ME.M14","BR.HS578T",0.639108115584139
"ME.SK_MEL_5","LC.NCI_H23",0.639011131016136
"OV.OVCAR_4","CNS.SNB_75",0.638926971071676
"LC.NCI_H23","CO.SW_620",0.638837123905468
"OV.SK_OV_3","BR.HS578T",0.638707476200012
"OV.OVCAR_3","CO.SW_620",0.638242455857032
"LC.EKVX","CO.SW_620",0.638235263609741
"OV.OVCAR_3","LC.EKVX",0.63774066657679
"RE.ACHN","CNS.SNB_75",0.637706944640857
"LC.NCI_H460","CNS.SF_268",0.637364495383914
"OV.SK_OV_3","CNS.SNB_75",0.637151114243243
"RE.TK_10","CNS.SF_295",0.637122566604831
"LC.HOP_62","CO.SW_620",0.637096797587893
"RE.TK_10","ME.LOXIMVI",0.637042383193832
"RE.786_0","LC.NCI_H322M",0.637033252401189
"PR.DU_145","ME.M14",0.636440091288723
"RE.ACHN","BR.HS578T",0.636175520300009
"OV.IGROV1","CO.HCC_2998",0.635899066346035
"CO.HCC_2998","BR.T47D",0.635847510850389
"ME.UACC_62","CNS.SF_268",0.635613618345481
"LE.RPMI_8226","LE.HL_60",0.635586427852108
"RE.CAKI_1","ME.M14",0.635082254966756
"OV.OVCAR_4","LC.NCI_H460",0.635010767183447
"LC.HOP_62","CO.HCT_15",0.634649807706746
"RE.786_0","LC.NCI_H23",0.634645922150656
"ME.MDA_N","CNS.SF_295",0.634641166294304
"LC.NCI_H23","CO.HCT_15",0.63454861256769
"ME.MDA_MB_435","BR.MDA_MB_231",0.634502974481462
"OV.IGROV1","LC.NCI_H226",0.634352603573201
"LC.A549","BR.MCF7",0.634348696289882
"PR.DU_145","ME.LOXIMVI",0.63434714624084
"OV.OVCAR_3","BR.T47D",0.634340980950392
"ME.MDA_N","CNS.SNB_75",0.634161609687619
"LC.NCI_H522","LC.EKVX",0.633806019569033
"ME.M14","LC.HOP_92",0.633414739349206
"ME.M14","BR.MDA_MB_231",0.633246675099388
"OV.OVCAR_8","ME.M14",0.633096515466869
"RE.RXF_393","ME.M14",0.632952422032108
"ME.M14","LC.NCI_H226",0.632941087992577
"OV.OVCAR_3","CO.HCC_2998",0.632756999571982
"OV.OVCAR_3","BR.BT_549",0.632713918999214
"ME.M14","LC.NCI_H23",0.63270950932265
"LC.A549","CNS.SF_539",0.632675250475148
"ME.MDA_N","CNS.SNB_19",0.63256888103008
"LC.EKVX","CNS.U251",0.632510169763018
"CO.HCT_116","CNS.U251",0.631900037434309
"OV.OVCAR_5","BR.HS578T",0.63151777727093
"ME.MDA_MB_435","LC.HOP_92",0.631479054905572
"OV.OVCAR_3","LC.NCI_H522",0.631054309836044
"OV.OVCAR_3","LC.NCI_H226",0.630685130680683
"OV.SK_OV_3","CO.HCC_2998",0.630589341741796
"OV.OVCAR_4","CNS.SF_539",0.630563379093754
"RE.ACHN","CO.HCT_15",0.630462705395605
"OV.OVCAR_5","CNS.SNB_75",0.630273064046282
"RE.TK_10","BR.HS578T",0.629926967807606
"LC.NCI_H460","CNS.SNB_75",0.629862807184551
"LC.EKVX","BR.HS578T",0.62977009267183
"OV.OVCAR_4","CNS.SF_268",0.629735584202061
"ME.MDA_N","CNS.SF_539",0.629470989094632
"OV.NCI_ADR_RES","ME.M14",0.629338096422684
"ME.SK_MEL_2","CNS.U251",0.629197536629626
"RE.SN12C","ME.MDA_MB_435",0.629088614955338
"LC.NCI_H460","CNS.SF_539",0.628835953687373
"ME.SK_MEL_2","LC.HOP_62",0.62876580276658
"ME.MDA_MB_435","LC.HOP_62",0.628489205151783
"LC.EKVX","CO.HCC_2998",0.628240814133979
"RE.SN12C","ME.SK_MEL_2",0.628221059365908
"LC.HOP_92","CO.SW_620",0.627813094693766
"OV.OVCAR_5","BR.T47D",0.627763805444273
"RE.UO_31","LC.NCI_H460",0.627458922857315
"OV.NCI_ADR_RES","LC.NCI_H322M",0.62734644073438
"LC.NCI_H23","BR.T47D",0.627313129022921
"OV.SK_OV_3","CO.SW_620",0.627021143282646
"LC.EKVX","CNS.SNB_19",0.626931665326476
"ME.MDA_N","LC.HOP_92",0.626905110833651
"RE.TK_10","CO.HCC_2998",0.626861185094905
"ME.MDA_N","BR.MDA_MB_231",0.626737463812559
"OV.OVCAR_4","CNS.SNB_19",0.626670316141377
"CO.HT29","BR.MDA_MB_231",0.626608202789748
"OV.NCI_ADR_RES","CO.HCT_15",0.625931177544448
"LC.EKVX","CNS.SF_295",0.625911604209714
"RE.TK_10","CO.SW_620",0.625562190282596
"OV.IGROV1","LC.NCI_H460",0.625491924442248
"ME.MDA_MB_435","CNS.SF_268",0.625261259607902
"LC.EKVX","CNS.SF_539",0.625092425736623
"OV.OVCAR_8","CO.HCT_15",0.624984021589331
"LC.A549","BR.HS578T",0.624913438943144
"LC.NCI_H522","CNS.SF_268",0.624905955307251
"OV.IGROV1","CNS.U251",0.624865485477253
"RE.A498","LC.NCI_H322M",0.624664635678759
"ME.UACC_62","LC.HOP_62",0.624626918192144
"PR.DU_145","CNS.SNB_75",0.624474264877929
"ME.MDA_N","CNS.U251",0.624265556944341
"RE.786_0","ME.M14",0.624036466834734
"ME.SK_MEL_2","CNS.SNB_75",0.623942878280457
"OV.IGROV1","CO.KM12",0.623628742135965
"ME.MALME_3M","LC.NCI_H23",0.623557677645451
"LC.NCI_H460","CO.HCT_15",0.623469492411137
"PR.PC_3","CO.HT29",0.623412199825995
"RE.CAKI_1","CO.HCT_15",0.623001982519053
"RE.RXF_393","CO.HCT_116",0.622847376983055
"RE.A498","ME.UACC_62",0.622791959933788
"RE.ACHN","ME.M14",0.622782888226052
"ME.MALME_3M","LC.HOP_62",0.622718577505782
"OV.OVCAR_5","ME.M14",0.622715678984115
"OV.OVCAR_3","CNS.SNB_19",0.622697174703895
"LC.NCI_H522","LC.HOP_62",0.62220366063584
"ME.SK_MEL_28","ME.LOXIMVI",0.622073961472421
"PR.DU_145","BR.HS578T",0.621908182638045
"LC.NCI_H522","BR.BT_549",0.621670229183561
"ME.SK_MEL_2","CNS.SF_295",0.621627117373096
"LC.NCI_H322M","CO.COLO205",0.621606090432482
"LC.A549","CO.KM12",0.621449520606866
"RE.786_0","ME.MDA_MB_435",0.621398330315235
"LC.NCI_H23","BR.HS578T",0.621389689936311
"OV.IGROV1","LC.HOP_92",0.620552162396581
"OV.SK_OV_3","CO.KM12",0.62039024505995
"RE.A498","ME.MDA_MB_435",0.620286198606571
"ME.SK_MEL_2","CNS.SF_268",0.619928883158887
"RE.ACHN","CO.SW_620",0.619745581120588
"ME.MDA_N","LC.HOP_62",0.619663746414615
"LC.HOP_92","CO.HCT_15",0.619494978445799
"ME.SK_MEL_2","CNS.SNB_19",0.619361227634794
"OV.OVCAR_4","LC.NCI_H522",0.619238696227505
"RE.UO_31","ME.M14",0.618970310835526
"OV.OVCAR_3","LC.NCI_H460",0.618950592846802
"LC.EKVX","CNS.SF_268",0.618773105585619
"LC.NCI_H460","CO.SW_620",0.618551536692098
"RE.SN12C","ME.MDA_N",0.618474920350815
"ME.M14","LC.NCI_H460",0.618385923829976
"OV.OVCAR_8","LC.NCI_H322M",0.618379575137621
"RE.A498","CO.HCT_15",0.618359185129263
"RE.TK_10","CNS.SNB_75",0.618155059227154
"RE.786_0","CO.HCT_15",0.618068549068585
"CO.KM12","BR.MCF7",0.618015600618256
"LC.EKVX","BR.MCF7",0.617324754562327
"OV.OVCAR_3","CNS.SF_268",0.617298044882957
"RE.SN12C","LC.NCI_H322M",0.617191494836845
"LC.NCI_H322M","LC.HOP_92",0.616871220001516
"OV.SK_OV_3","LC.NCI_H522",0.616488211115976
"OV.OVCAR_4","CO.KM12",0.616208501228183
"CO.SW_620","BR.T47D",0.616102603364139
"RE.SN12C","ME.SK_MEL_28",0.615880408896337
"ME.SK_MEL_28","LC.HOP_62",0.615641990848553
"CO.HCC_2998","BR.MDA_MB_231",0.615462781472981
"ME.MDA_N","CNS.SF_268",0.615390942016272
"LC.NCI_H460","BR.HS578T",0.615195153838008
"LC.NCI_H460","CO.HCC_2998",0.61517259280845
"ME.SK_MEL_2","LC.HOP_92",0.615007910009822
"RE.SN12C","ME.UACC_62",0.614745783082031
"OV.OVCAR_4","BR.HS578T",0.614508697947405
"ME.MALME_3M","CNS.SNB_75",0.614437354181621
"LC.EKVX","BR.T47D",0.613363089139598
"LE.RPMI_8226","LE.MOLT_4",0.613359694094829
"OV.NCI_ADR_RES","CO.SW_620",0.613295761665791
"RE.RXF_393","ME.MDA_MB_435",0.613197995163738
"RE.UO_31","LC.NCI_H322M",0.613132086540655
"OV.OVCAR_8","CO.SW_620",0.613039684202215
"ME.MDA_MB_435","BR.BT_549",0.612825305455124
"RE.A498","CO.HCC_2998",0.612800135146324
"OV.SK_OV_3","BR.MCF7",0.612360631714237
"OV.OVCAR_5","LC.NCI_H522",0.612293270107186
"OV.OVCAR_4","CNS.SF_295",0.611612750186295
"LC.A549","CNS.SNB_75",0.611603867034061
"OV.OVCAR_8","BR.MCF7",0.611594031680482
"OV.IGROV1","CNS.SNB_19",0.611482982937387
"RE.CAKI_1","ME.MDA_MB_435",0.611108516100507
"RE.UO_31","CO.HCT_15",0.610897139860126
"ME.SK_MEL_28","CNS.SNB_19",0.610739851787822
"RE.786_0","ME.UACC_62",0.610632717008503
"LC.NCI_H322M","CNS.U251",0.610240595686622
"CO.HCT_116","CNS.SNB_19",0.610046539016856
"RE.786_0","ME.MDA_N",0.609698268495752
"LC.NCI_H522","CNS.SNB_19",0.609474164240153
"PR.DU_145","ME.SK_MEL_28",0.609304421776114
"ME.SK_MEL_2","BR.MDA_MB_231",0.609229784328991
"RE.786_0","ME.SK_MEL_28",0.609200640855894
"CO.HT29","BR.MCF7",0.60913632787966
"ME.SK_MEL_5","CNS.SNB_19",0.608824214404588
"OV.OVCAR_3","LC.HOP_92",0.608691060274777
"ME.M14","LC.A549",0.608586684452699
"LC.EKVX","CNS.SNB_75",0.608554277809515
"ME.SK_MEL_28","CNS.SF_268",0.60844613593102
"OV.OVCAR_3","CNS.SNB_75",0.607833493914857
"ME.SK_MEL_5","LC.NCI_H460",0.60769052309544
"ME.SK_MEL_28","CNS.SNB_75",0.607616843450084
"RE.A498","ME.MDA_N",0.60730124480801
"PR.DU_145","ME.MALME_3M",0.607227391514302
"PR.PC_3","BR.MCF7",0.606980650853459
"CO.HT29","BR.T47D",0.606962826435992
"RE.TK_10","ME.M14",0.606814003286273
"PR.PC_3","ME.M14",0.606681133525195
"OV.OVCAR_3","CO.HT29",0.606425494379174
"LC.NCI_H460","BR.MCF7",0.606171364836205
"RE.UO_31","CO.SW_620",0.605362488606626
"ME.LOXIMVI","LC.NCI_H23",0.605355543363779
"ME.LOXIMVI","LC.NCI_H460",0.605164712768241
"RE.TK_10","CO.HT29",0.605118287312214
"CO.KM12","BR.MDA_MB_231",0.605113524824787
"OV.NCI_ADR_RES","BR.MCF7",0.605107557561733
"CO.COLO205","BR.MCF7",0.604668516239636
"ME.MALME_3M","LC.HOP_92",0.604488689707565
"RE.A498","ME.SK_MEL_28",0.604318085057428
"OV.IGROV1","BR.BT_549",0.604242390380261
"OV.NCI_ADR_RES","ME.SK_MEL_2",0.604131203276959
"PR.PC_3","BR.T47D",0.604043608786222
"OV.SK_OV_3","BR.T47D",0.603889645662923
"RE.TK_10","BR.MCF7",0.603581937059836
"OV.OVCAR_8","ME.SK_MEL_2",0.603451606508546
"LC.A549","CO.HT29",0.60332753784588
"RE.TK_10","CO.KM12",0.603307128135243
"RE.ACHN","LC.NCI_H322M",0.603284680079254
"RE.CAKI_1","CO.SW_620",0.603134281530131
"ME.SK_MEL_28","CNS.SF_295",0.603010636317651
"ME.UACC_257","CNS.SNB_75",0.602922564627611
"RE.CAKI_1","ME.UACC_62",0.602840300503407
"ME.SK_MEL_28","CNS.U251",0.602571498598257
"ME.SK_MEL_28","LC.NCI_H23",0.602404536934197
"ME.UACC_62","LC.HOP_92",0.602214734230283
"OV.SK_OV_3","ME.LOXIMVI",0.601800206738417
"OV.OVCAR_5","ME.MALME_3M",0.601650680148863
"ME.UACC_62","BR.BT_549",0.601222802826066
"ME.UACC_62","LC.NCI_H460",0.601136897784928
"OV.SK_OV_3","CO.HT29",0.60112006933457
"RE.RXF_393","ME.MDA_N",0.60084884365427
"ME.UACC_62","LC.NCI_H23",0.600128604044346
"LC.NCI_H522","LC.NCI_H460",0.600044264444917
"ME.MDA_N","BR.BT_549",0.600025742718056
"ME.UACC_257","LC.HOP_62",0.599743560643892
"ME.SK_MEL_2","BR.HS578T",0.599723036342751
"OV.OVCAR_3","CNS.SF_539",0.599696640929814
"ME.SK_MEL_28","CNS.SF_539",0.599559396746823
"OV.IGROV1","CNS.SF_268",0.599460388921417
"CO.KM12","BR.T47D",0.59945687537946
"RE.UO_31","ME.MDA_MB_435",0.599365564767903
"CO.HCT_116","CNS.SF_295",0.599043858436265
"OV.OVCAR_3","CNS.SF_295",0.599040295925715
"ME.LOXIMVI","CO.HCT_116",0.598603978761516
"ME.M14","CO.HCT_116",0.598307849561131
"RE.TK_10","LC.NCI_H522",0.598217165901813
"LC.NCI_H226","CO.HCT_15",0.598172126421012
"OV.IGROV1","BR.T47D",0.598030009552991
"ME.SK_MEL_28","BR.MDA_MB_231",0.598015563240534
"BR.T47D","BR.MDA_MB_231",0.59801152742492
"ME.MALME_3M","BR.MDA_MB_231",0.597856496091421
"RE.CAKI_1","ME.SK_MEL_28",0.597636501045209
"RE.CAKI_1","ME.MDA_N",0.597547184511337
"RE.CAKI_1","CO.HCC_2998",0.597401828861445
"RE.786_0","ME.SK_MEL_2",0.597388765432735
"PR.DU_145","ME.SK_MEL_5",0.597295533941198
"ME.SK_MEL_2","CNS.SF_539",0.597201729664258
"LC.A549","BR.T47D",0.597107709234953
"OV.SK_OV_3","ME.M14",0.596817980407406
"OV.OVCAR_3","CO.KM12",0.596689666382623
"OV.NCI_ADR_RES","ME.UACC_62",0.596641064946447
"RE.ACHN","CO.HCC_2998",0.596385959405594
"RE.CAKI_1","CO.HT29",0.596381458569724
"LC.NCI_H522","CNS.U251",0.596378782910548
"RE.TK_10","ME.MDA_MB_435",0.596273547297414
"PR.DU_145","ME.MDA_MB_435",0.59612360531655
"ME.UACC_62","BR.MDA_MB_231",0.596086204548994
"RE.RXF_393","ME.UACC_62",0.595988636646582
"LE.SR","LE.RPMI_8226",0.595824463012699
"LE.RPMI_8226","LE.CCRF_CEM",0.595625790081668
"ME.LOXIMVI","LC.A549",0.595511386567014
"OV.OVCAR_8","ME.UACC_62",0.595362927243396
"RE.SN12C","CO.HCT_15",0.59529666672244
"PR.PC_3","ME.UACC_62",0.595133245367808
"ME.SK_MEL_5","LC.HOP_62",0.595000975561936
"LC.NCI_H522","LC.NCI_H226",0.594952233648272
"PR.PC_3","ME.MDA_MB_435",0.594902188722042
"OV.OVCAR_4","ME.M14",0.594777083029783
"BR.MDA_MB_231","BR.MCF7",0.594669946527065
"OV.OVCAR_8","ME.SK_MEL_28",0.594636297326698
"PR.DU_145","ME.SK_MEL_2",0.594336039135962
"OV.NCI_ADR_RES","ME.SK_MEL_28",0.594244415741392
"LC.HOP_62","CO.HT29",0.594211052722425
"RE.CAKI_1","LC.NCI_H522",0.594165177267313
"ME.SK_MEL_5","ME.LOXIMVI",0.593524853669615
"OV.OVCAR_5","ME.UACC_62",0.593425312953849
"PR.DU_145","ME.MDA_N",0.593245387150526
"LC.NCI_H522","CO.SW_620",0.592990267429594
"RE.RXF_393","CO.HCT_15",0.592878124312835
"ME.MALME_3M","CNS.SNB_19",0.592531117716444
"LC.NCI_H23","CO.HCC_2998",0.592504116664193
"ME.MALME_3M","CNS.U251",0.592290454003522
"RE.SN12C","ME.SK_MEL_5",0.592152272506772
"CO.HCT_116","CNS.SF_268",0.592117156800239
"OV.OVCAR_5","ME.MDA_MB_435",0.591862944970911
"RE.UO_31","ME.SK_MEL_28",0.591841295643074
"ME.SK_MEL_5","LC.A549",0.591813472921782
"LC.HOP_92","CO.HT29",0.591717731650173
"CO.HCT_116","BR.BT_549",0.591618623158203
"RE.786_0","CO.SW_620",0.591583826616614
"ME.SK_MEL_5","CO.HCT_116",0.591294060138596
"LC.NCI_H522","BR.MDA_MB_231",0.591117125579427
"LC.NCI_H522","CNS.SF_539",0.590997984746386
"RE.SN12C","ME.MALME_3M",0.590835920593105
"ME.UACC_257","CNS.SNB_19",0.590796886778037
"ME.SK_MEL_5","CNS.SF_295",0.589844101220806
"LE.SR","LE.HL_60",0.589833119767614
"RE.ACHN","ME.MDA_MB_435",0.589650464864689
"ME.SK_MEL_5","CNS.U251",0.5896115886578
"PR.DU_145","ME.UACC_62",0.589582574448951
"RE.UO_31","LC.NCI_H522",0.589560989683614
"RE.RXF_393","ME.SK_MEL_28",0.589542350209871
"LC.EKVX","CO.HT29",0.589517179284829
"LC.A549","CO.COLO205",0.589350150068823
"RE.CAKI_1","ME.SK_MEL_2",0.58933146830145
"ME.UACC_257","ME.LOXIMVI",0.589323180608093
"RE.ACHN","LC.NCI_H522",0.589279295665021
"RE.UO_31","CO.HT29",0.589134653393761
"RE.ACHN","ME.MALME_3M",0.589082637071452
"LC.NCI_H322M","CNS.SNB_19",0.588853493711114
"PR.PC_3","LC.NCI_H522",0.588735340318935
"ME.UACC_257","CNS.U251",0.588289440297981
"OV.OVCAR_5","ME.SK_MEL_2",0.588256420660343
"PR.DU_145","CO.COLO205",0.588065833892981
"RE.TK_10","ME.MDA_N",0.587931088760872
"ME.LOXIMVI","LC.EKVX",0.587427445216193
"OV.OVCAR_5","ME.MDA_N",0.587312913039057
"RE.A498","ME.SK_MEL_5",0.587282860218551
"RE.ACHN","ME.SK_MEL_28",0.587278391566174
"ME.MDA_MB_435","LC.NCI_H460",0.586893456707128
"RE.A498","ME.SK_MEL_2",0.586688743724652
"RE.SN12C","CO.SW_620",0.586534812470491
"OV.IGROV1","ME.M14",0.586342883533731
"ME.MALME_3M","CO.HCT_116",0.58632192557178
"ME.SK_MEL_28","BR.BT_549",0.585952158867339
"OV.OVCAR_8","ME.MDA_MB_435",0.58595015293379
"ME.M14","LC.EKVX",0.585921144348903
"RE.A498","CO.SW_620",0.585790136013606
"ME.SK_MEL_5","CNS.SF_268",0.585315919829702
"ME.MDA_N","LC.NCI_H460",0.585307219825072
"RE.UO_31","ME.MDA_N",0.585189556085058
"LC.EKVX","CO.KM12",0.585106689797991
"OV.OVCAR_5","ME.SK_MEL_28",0.584988681524692
"OV.NCI_ADR_RES","ME.MDA_MB_435",0.584918516459466
"LC.HOP_62","CO.HCC_2998",0.58477835299757
"ME.UACC_257","LC.NCI_H23",0.584707698925447
"ME.MALME_3M","LC.NCI_H460",0.584549593289146
"PR.PC_3","ME.MDA_N",0.584463049663401
"ME.SK_MEL_5","CNS.SNB_75",0.584091091868319
"RE.RXF_393","ME.SK_MEL_2",0.584027171177661
"RE.UO_31","ME.MALME_3M",0.583976477690765
"ME.SK_MEL_28","BR.HS578T",0.583882451890012
"OV.OVCAR_8","ME.MALME_3M",0.583669750976918
"RE.UO_31","ME.UACC_62",0.583593368728737
"LC.HOP_92","CO.HCC_2998",0.583326743016798
"ME.MALME_3M","CNS.SF_539",0.583270509925952
"RE.RXF_393","ME.MALME_3M",0.583234666092588
"LC.NCI_H522","CO.HCT_15",0.583193605323207
"OV.OVCAR_4","CO.COLO205",0.583119721737438
"OV.NCI_ADR_RES","ME.SK_MEL_5",0.582864830952718
"RE.UO_31","CO.HCC_2998",0.582719967492089
"RE.TK_10","ME.SK_MEL_28",0.582604433865088
"ME.SK_MEL_2","LC.NCI_H226",0.582520484194169
"ME.UACC_257","CNS.SF_539",0.582515917872167
"ME.SK_MEL_28","LC.NCI_H226",0.582488593663155
"RE.SN12C","ME.UACC_257",0.582151142446241
"ME.MALME_3M","LC.NCI_H226",0.582124689164868
"RE.RXF_393","LC.NCI_H322M",0.581865047077769
"LC.HOP_62","BR.T47D",0.581816029946185
"LC.HOP_62","BR.MCF7",0.581768856560537
"RE.ACHN","CO.HT29",0.581592320165457
"ME.SK_MEL_28","LC.HOP_92",0.581291590457362
"RE.CAKI_1","ME.MALME_3M",0.581053229729978
"ME.MALME_3M","CNS.SF_268",0.580979931264479
"OV.NCI_ADR_RES","CO.HCC_2998",0.580930259130884
"ME.UACC_257","CNS.SF_268",0.580710438005637
"LC.HOP_92","CO.KM12",0.580680993125757
"RE.786_0","CO.KM12",0.579909235824006
"RE.RXF_393","CO.SW_620",0.579767428649834
"RE.ACHN","CO.KM12",0.579733447303604
"OV.OVCAR_8","ME.MDA_N",0.579603892436495
"RE.A498","BR.MCF7",0.579596878114709
"RE.TK_10","BR.T47D",0.579580964701611
"OV.NCI_ADR_RES","ME.MALME_3M",0.579041883852248
"ME.UACC_257","CNS.SF_295",0.579005282011468
"OV.NCI_ADR_RES","BR.T47D",0.578850800358377
"LC.NCI_H522","BR.T47D",0.578844838178298
"CO.HCT_116","CNS.SF_539",0.578556275880738
"ME.MDA_MB_435","LC.NCI_H23",0.578322892038418
"ME.UACC_62","LC.NCI_H226",0.578234422253263
"ME.SK_MEL_28","LC.NCI_H460",0.578154529795722
"LC.NCI_H322M","BR.BT_549",0.577598600496618
"OV.OVCAR_8","BR.T47D",0.577581395869084
"OV.OVCAR_4","ME.MALME_3M",0.577441422140977
"OV.NCI_ADR_RES","ME.MDA_N",0.577247328263712
"LC.NCI_H322M","CNS.SF_268",0.577146969278632
"RE.TK_10","ME.SK_MEL_2",0.576987375343588
"LC.HOP_62","CO.KM12",0.576911793256483
"OV.OVCAR_5","ME.SK_MEL_5",0.576893956642116
"RE.UO_31","ME.SK_MEL_2",0.576794050040165
"LE.K_562","LE.HL_60",0.576788638791898
"ME.MDA_MB_435","LC.NCI_H226",0.57674554465822
"ME.MDA_N","LC.NCI_H23",0.576503596115736
"OV.OVCAR_8","ME.SK_MEL_5",0.576399094755218
"RE.786_0","CO.HT29",0.576223588990297
"RE.ACHN","BR.MCF7",0.575773622630482
"OV.IGROV1","CO.HT29",0.575763021333033
"RE.ACHN","ME.MDA_N",0.575619302051941
"RE.CAKI_1","CO.KM12",0.575509280456676
"OV.OVCAR_8","ME.UACC_257",0.574875714047975
"LE.SR","LE.MOLT_4",0.574802496163189
"OV.NCI_ADR_RES","ME.UACC_257",0.574542236116413
"ME.UACC_62","LC.A549",0.574477430164804
"RE.ACHN","ME.UACC_62",0.57445866224628
"OV.IGROV1","CNS.SF_295",0.574400327475274
"LC.NCI_H522","CNS.SF_295",0.574332943959946
"ME.MALME_3M","LC.A549",0.574213255827661
"ME.SK_MEL_2","BR.BT_549",0.574138361221191
"LE.SR","LE.CCRF_CEM",0.573715428210839
"OV.IGROV1","BR.HS578T",0.573390020311033
"RE.786_0","CO.HCC_2998",0.573349322354554
"ME.SK_MEL_5","LC.NCI_H522",0.573157205224966
"OV.OVCAR_4","ME.MDA_MB_435",0.572988946601521
"RE.A498","ME.MALME_3M",0.57298783669322
"CO.COLO205","BR.T47D",0.572642335652797
"ME.SK_MEL_5","CNS.SF_539",0.572306639439028
"LC.NCI_H522","LC.NCI_H322M",0.572242309080313
"ME.SK_MEL_28","LC.A549",0.572068279655701
"RE.CAKI_1","BR.MCF7",0.571907725065224
"OV.OVCAR_8","CO.HCC_2998",0.571841867055354
"RE.RXF_393","LC.NCI_H522",0.571838418940947
"OV.IGROV1","CNS.SNB_75",0.571823128021291
"RE.ACHN","BR.T47D",0.571592030906772
"OV.OVCAR_3","BR.HS578T",0.571548971328722
"OV.IGROV1","ME.SK_MEL_5",0.571471392986855
"RE.TK_10","ME.UACC_62",0.571149778743392
"OV.OVCAR_5","ME.UACC_257",0.570802472299652
"OV.IGROV1","ME.MDA_MB_435",0.570695743176647
"LC.NCI_H522","LC.HOP_92",0.570485472669523
"RE.CAKI_1","ME.SK_MEL_5",0.570337266280474
"OV.IGROV1","CNS.SF_539",0.570289191059045
"RE.CAKI_1","BR.T47D",0.570247005723196
"ME.UACC_257","BR.HS578T",0.57014602246231
"OV.SK_OV_3","ME.MDA_MB_435",0.569923329128252
"ME.MDA_N","LC.NCI_H226",0.569824755785588
"LE.RPMI_8226","CO.SW_620",0.56981096720452
"RE.ACHN","ME.SK_MEL_5",0.569603621880423
"PR.PC_3","ME.SK_MEL_2",0.569464969243531
"LC.NCI_H460","BR.T47D",0.56942045343008
"LC.NCI_H522","CNS.SNB_75",0.569419997849876
"PR.PC_3","ME.SK_MEL_28",0.569153408376302
"ME.UACC_257","BR.MDA_MB_231",0.568801281062737
"LC.NCI_H226","CO.HCC_2998",0.568746084620464
"OV.IGROV1","ME.UACC_62",0.568645088585278
"OV.IGROV1","ME.MALME_3M",0.568642187409706
"RE.A498","CO.KM12",0.568420817916777
"RE.A498","ME.UACC_257",0.568274722090173
"RE.ACHN","ME.SK_MEL_2",0.567958827478596
"OV.IGROV1","ME.SK_MEL_28",0.567390076697644
"RE.UO_31","CO.KM12",0.567317000204933
"RE.CAKI_1","ME.UACC_257",0.567237971615659
"ME.MALME_3M","CNS.SF_295",0.567070880332389
"LC.HOP_92","BR.MCF7",0.566980941490377
"RE.TK_10","ME.MALME_3M",0.566960958160937
"LC.HOP_92","BR.T47D",0.566831326309543
"ME.SK_MEL_2","LC.NCI_H23",0.566685935645336
"OV.OVCAR_3","ME.M14",0.566641808865082
"ME.MALME_3M","BR.HS578T",0.566580159844624
"LC.NCI_H460","CO.KM12",0.566350053186803
"CO.HCT_116","CNS.SNB_75",0.566347229787908
"RE.786_0","ME.MALME_3M",0.566263147910307
"ME.SK_MEL_28","CO.HCT_116",0.56623846902776
"ME.MDA_MB_435","LC.A549",0.565805056176964
"RE.A498","LC.NCI_H522",0.565804157194526
"ME.M14","LC.NCI_H522",0.565576096118665
"ME.SK_MEL_2","LC.NCI_H460",0.56541665210882
"RE.TK_10","ME.SK_MEL_5",0.565134600810516
"PR.DU_145","ME.UACC_257",0.56510756254984
"LC.NCI_H226","CO.SW_620",0.56505820291941
"RE.ACHN","ME.UACC_257",0.564976409153834
"ME.MDA_MB_435","CO.HCT_116",0.564872660512433
"RE.RXF_393","CO.HT29",0.564857922661196
"ME.UACC_62","CO.HCT_116",0.564693868933251
"OV.SK_OV_3","ME.UACC_62",0.564539574775637
"ME.MALME_3M","BR.BT_549",0.564394520963591
"RE.SN12C","BR.MCF7",0.564393069987615
"ME.M14","CO.SW_620",0.564203238498317
"ME.UACC_257","LC.HOP_92",0.564037808274608
"LE.RPMI_8226","CO.HCT_116",0.563909428410558
"RE.RXF_393","ME.UACC_257",0.563729025065042
"RE.RXF_393","CO.HCC_2998",0.563725308838762
"ME.SK_MEL_5","BR.MDA_MB_231",0.5632671084287
"OV.IGROV1","ME.UACC_257",0.563112790108866
"PR.PC_3","CO.COLO205",0.562927936462013
"CO.SW_620","CNS.U251",0.562627832216617
"LC.NCI_H322M","CNS.SF_295",0.562571723220461
"ME.UACC_257","BR.BT_549",0.56200558934121
"RE.UO_31","ME.UACC_257",0.561818117451678
"ME.MALME_3M","LC.EKVX",0.561799892422591
"ME.MDA_MB_435","LC.EKVX",0.561782778223696
"PR.DU_145","LE.RPMI_8226",0.561284325898436
"OV.SK_OV_3","ME.SK_MEL_28",0.561279434815726
"ME.MALME_3M","CO.SW_620",0.561043799087771
"ME.UACC_257","LC.NCI_H460",0.560946462767788
"RE.A498","CO.HT29",0.560717247693492
"CO.HCT_116","BR.HS578T",0.56069475477508
"ME.MALME_3M","LC.NCI_H522",0.560440668975712
"LC.NCI_H522","BR.HS578T",0.56031801430431
"OV.SK_OV_3","ME.MDA_N",0.560283676525844
"ME.SK_MEL_5","BR.HS578T",0.560077943478867
"ME.MDA_N","LC.A549",0.559998711267833
"RE.A498","BR.T47D",0.559648934875465
"ME.SK_MEL_5","LC.HOP_92",0.559395836181601
"BR.MCF7","BR.BT_549",0.559342019594846
"RE.786_0","ME.UACC_257",0.559040470648378
"ME.MDA_N","CO.HCT_116",0.558965046255229
"OV.OVCAR_4","ME.MDA_N",0.558927916924199
"ME.UACC_62","LC.EKVX",0.558295367170596
"ME.SK_MEL_5","LC.EKVX",0.558178006899131
"RE.786_0","ME.SK_MEL_5",0.558151970769338
"RE.UO_31","ME.SK_MEL_5",0.558075438132002
"ME.MDA_N","LC.EKVX",0.558013338669711
"RE.UO_31","BR.T47D",0.557586015641121
"RE.SN12C","BR.T47D",0.557254351895483
"OV.IGROV1","ME.MDA_N",0.556294769510382
"ME.MALME_3M","ME.LOXIMVI",0.556236665123548
"OV.OVCAR_4","ME.SK_MEL_28",0.556214035564751
"LE.RPMI_8226","CO.HCC_2998",0.556184298279133
"ME.UACC_257","LC.NCI_H226",0.554387748021743
"ME.M14","CO.HCT_15",0.55390573445871
"RE.786_0","LC.NCI_H522",0.553137033651783
"OV.OVCAR_5","LE.RPMI_8226",0.552976251055382
"ME.UACC_257","LC.A549",0.552823214064807
"OV.OVCAR_4","ME.UACC_62",0.552434480526261
"LC.NCI_H460","CO.HT29",0.552323503324734
"OV.IGROV1","ME.LOXIMVI",0.55222810575823
"CO.HCT_15","CNS.U251",0.55178746578917
"OV.OVCAR_4","ME.SK_MEL_2",0.551754530458376
"OV.SK_OV_3","CO.COLO205",0.55144458905756
"RE.RXF_393","BR.MCF7",0.551439275654804
"ME.LOXIMVI","LC.NCI_H322M",0.551372829244863
"OV.IGROV1","CO.COLO205",0.551275642963445
"ME.UACC_257","CO.HCT_116",0.551208900020059
"ME.SK_MEL_5","BR.BT_549",0.551048927478221
"RE.TK_10","ME.UACC_257",0.550973771062095
"OV.SK_OV_3","ME.SK_MEL_2",0.550532724167148
"LC.NCI_H226","BR.MCF7",0.550399790474954
"OV.OVCAR_4","ME.UACC_257",0.550228071006915
"LE.RPMI_8226","CO.HCT_15",0.550175835261493
"LC.NCI_H322M","CNS.SF_539",0.549645027104949
"LE.RPMI_8226","LE.K_562",0.549174807093752
"OV.OVCAR_4","ME.LOXIMVI",0.548874415790553
"PR.DU_145","LE.SR",0.548683511884764
"ME.SK_MEL_2","CO.HCT_116",0.548140839778709
"LC.NCI_H226","CO.HT29",0.54804791197644
"LE.K_562","CO.HCT_116",0.548046119635759
"CO.COLO205","BR.MDA_MB_231",0.547963772597878
"OV.SK_OV_3","ME.SK_MEL_5",0.547195938021119
"ME.SK_MEL_28","LC.NCI_H522",0.546946616247994
"ME.UACC_257","LC.NCI_H522",0.546767853195996
"PR.PC_3","ME.UACC_257",0.546724615103636
"OV.OVCAR_4","ME.SK_MEL_5",0.546635288767062
"LC.NCI_H23","CO.KM12",0.546588017039783
"LE.MOLT_4","CNS.SNB_19",0.546360291926966
"RE.786_0","BR.MCF7",0.545931430381135
"PR.PC_3","ME.MALME_3M",0.54583995542948
"OV.NCI_ADR_RES","CO.KM12",0.545700763542519
"LE.K_562","CO.SW_620",0.54488073005473
"RE.786_0","BR.T47D",0.544777605113692
"OV.OVCAR_3","CO.COLO205",0.544556978871548
"LE.RPMI_8226","BR.MCF7",0.544467290944538
"LE.SR","BR.MDA_MB_231",0.544124113947946
"OV.OVCAR_4","LE.RPMI_8226",0.543847375692077
"CO.HCT_15","BR.BT_549",0.543779856494897
"RE.UO_31","BR.MCF7",0.543695302844936
"ME.SK_MEL_2","LC.EKVX",0.543645657443875
"PR.PC_3","ME.SK_MEL_5",0.543532375873525
"RE.TK_10","CO.COLO205",0.543466184329823
"RE.SN12C","CO.HCC_2998",0.543304060770138
"LC.EKVX","CO.COLO205",0.543053621026319
"ME.UACC_257","LC.EKVX",0.542907905192647
"BR.T47D","BR.BT_549",0.542879016275627
"ME.SK_MEL_5","LC.NCI_H226",0.542553534301127
"RE.RXF_393","ME.SK_MEL_5",0.542339472659558
"ME.SK_MEL_2","LC.A549",0.542276955134344
"LC.NCI_H322M","CNS.SNB_75",0.541875845824503
"OV.OVCAR_3","ME.MALME_3M",0.541282829102279
"LE.SR","LC.HOP_92",0.541104057479477
"ME.SK_MEL_28","LC.EKVX",0.540967031786879
"ME.MDA_MB_435","CO.SW_620",0.54089507333371
"OV.SK_OV_3","ME.MALME_3M",0.540741545576236
"LC.NCI_H226","BR.T47D",0.54052825799281
"RE.RXF_393","BR.T47D",0.540184158005981
"OV.OVCAR_8","CO.KM12",0.539960432028043
"OV.OVCAR_3","ME.LOXIMVI",0.539487867222142
"CO.SW_620","CNS.SNB_19",0.539195780822051
"ME.UACC_62","LC.NCI_H522",0.538904201083182
"OV.OVCAR_5","LE.SR",0.538749165878595
"LC.NCI_H23","CO.HT29",0.53791470854901
"OV.OVCAR_8","LE.K_562",0.537824012988678
"OV.OVCAR_3","ME.MDA_MB_435",0.537688194501924
"ME.LOXIMVI","LE.SR",0.53768450011256
"PR.PC_3","LE.RPMI_8226",0.537429409896192
"RE.TK_10","LE.RPMI_8226",0.537389458788892
"OV.OVCAR_3","ME.SK_MEL_28",0.536996925503195
"ME.M14","BR.MCF7",0.536908388053117
"ME.LOXIMVI","LC.NCI_H522",0.536882146585864
"ME.M14","LC.NCI_H322M",0.536782297261622
"ME.MDA_N","CO.SW_620",0.535925247330854
"ME.SK_MEL_5","BR.MCF7",0.535272449813839
"CO.HCT_15","CNS.SNB_19",0.534770483214709
"ME.MALME_3M","CO.HCT_15",0.534248099607468
"OV.IGROV1","ME.SK_MEL_2",0.534042885625853
"RE.RXF_393","CO.KM12",0.534016781978729
"CNS.U251","BR.MCF7",0.533407792427561
"OV.OVCAR_3","LE.RPMI_8226",0.533150909003383
"LC.HOP_92","CO.COLO205",0.533128667759989
"ME.M14","LE.RPMI_8226",0.532963927400686
"CNS.U251","BR.T47D",0.532583848168364
"OV.SK_OV_3","ME.UACC_257",0.532519615112358
"RE.SN12C","LE.SR",0.532474237304106
"ME.SK_MEL_5","CO.SW_620",0.532408714965455
"CO.SW_620","CNS.SF_539",0.532167939863014
"OV.NCI_ADR_RES","LE.K_562",0.531889182366362
"CO.SW_620","BR.BT_549",0.531388707868941
"LE.RPMI_8226","BR.MDA_MB_231",0.53112780299001
"OV.IGROV1","LE.RPMI_8226",0.530463509446515
"OV.OVCAR_3","ME.UACC_62",0.530393565266808
"LC.NCI_H522","CO.HCC_2998",0.530055323616383
"LE.K_562","LC.NCI_H23",0.529888831361964
"OV.OVCAR_3","ME.SK_MEL_5",0.529815454992812
"OV.OVCAR_8","LE.RPMI_8226",0.529113771501287
"LC.NCI_H226","CO.KM12",0.528829846104536
"ME.MDA_MB_435","LC.NCI_H522",0.528737691930972
"ME.MDA_N","LC.NCI_H522",0.528573757776921
"LE.K_562","LE.CCRF_CEM",0.528518799517973
"PR.DU_145","LE.K_562",0.528280784893577
"CO.SW_620","CNS.SF_295",0.527816705951641
"CO.HCT_15","CNS.SF_268",0.527724387977481
"ME.MDA_MB_435","CO.HCT_15",0.527667129569433
"OV.OVCAR_8","LE.MOLT_4",0.527584225059964
"OV.NCI_ADR_RES","CO.HT29",0.527392766838066
"LC.NCI_H460","CO.COLO205",0.527120386081659
"OV.OVCAR_3","ME.UACC_257",0.526541627054125
"LE.RPMI_8226","CO.HT29",0.526504940193131
"LE.SR","LE.K_562",0.526304008528937
"ME.MALME_3M","BR.MCF7",0.526177503337849
"RE.CAKI_1","CO.COLO205",0.526124221247008
"ME.SK_MEL_28","CO.SW_620",0.526048134118313
"OV.OVCAR_3","ME.SK_MEL_2",0.52575535335572
"LC.NCI_H322M","BR.HS578T",0.525517464473914
"LE.MOLT_4","CNS.U251",0.525248131686157
"OV.NCI_ADR_RES","LE.RPMI_8226",0.524966249288045
"RE.786_0","LE.SR",0.524946483709666
"RE.SN12C","CO.KM12",0.524412377657516
"RE.SN12C","LE.K_562",0.524389532873624
"RE.A498","CO.COLO205",0.524366907648517
"ME.M14","LE.SR",0.52406277311717
"RE.A498","LE.RPMI_8226",0.523480943347711
"RE.RXF_393","LE.RPMI_8226",0.522971942291629
"LE.K_562","LC.NCI_H522",0.522937807112758
"LE.RPMI_8226","CO.COLO205",0.522756510383916
"CNS.SNB_19","BR.MCF7",0.522688434266149
"ME.MDA_N","CO.HCT_15",0.522679587781163
"ME.LOXIMVI","CO.SW_620",0.522294761821066
"ME.M14","BR.T47D",0.521952542471599
"ME.UACC_257","CO.SW_620",0.52168242157735
"RE.SN12C","LE.MOLT_4",0.521308098538948
"LC.HOP_62","CO.COLO205",0.520813724557387
"LE.K_562","CO.HCT_15",0.520685789983859
"OV.OVCAR_3","ME.MDA_N",0.520651034405087
"OV.OVCAR_8","LE.SR",0.520481368861932
"ME.SK_MEL_2","LC.NCI_H522",0.520034136977933
"CO.KM12","CNS.U251",0.519465933208619
"CO.HCT_15","CNS.SF_295",0.519242914477083
"RE.786_0","LE.RPMI_8226",0.519073858506786
"OV.NCI_ADR_RES","LE.MOLT_4",0.51894606034892
"ME.MDA_MB_435","LC.NCI_H322M",0.518901215300701
"RE.RXF_393","LE.SR",0.51856150738123
"OV.OVCAR_8","CO.HT29",0.518507431283951
"OV.NCI_ADR_RES","LE.SR",0.51805302704043
"RE.ACHN","CO.COLO205",0.517920753469204
"LE.SR","CO.HCT_116",0.517886986758475
"RE.SN12C","CO.HT29",0.517761246456656
"OV.IGROV1","LE.K_562",0.517604649849208
"ME.MALME_3M","BR.T47D",0.517453720920377
"LE.RPMI_8226","LC.NCI_H460",0.516824381354885
"LE.RPMI_8226","LC.NCI_H23",0.515965760205695
"LE.K_562","CO.HCC_2998",0.515925905092079
"LE.SR","LC.NCI_H23",0.515771009125403
"ME.SK_MEL_5","LC.NCI_H322M",0.515489208773351
"ME.SK_MEL_5","BR.T47D",0.515331574287797
"ME.SK_MEL_5","CO.HCT_15",0.51511974805506
"LE.MOLT_4","CNS.SF_268",0.514990732290362
"ME.SK_MEL_28","CO.HCT_15",0.514613809771188
"LE.SR","LC.NCI_H460",0.514600898236437
"LE.RPMI_8226","LC.NCI_H226",0.514567847609646
"RE.TK_10","LE.SR",0.514208107637782
"PR.DU_145","LE.MOLT_4",0.514162672329671
"ME.M14","CO.HCC_2998",0.5141443529926
"CO.SW_620","CNS.SF_268",0.513899133520563
"CNS.SF_268","BR.MCF7",0.513520363745666
"LE.MOLT_4","LC.HOP_62",0.513461787607427
"LE.RPMI_8226","LC.A549",0.513457485066055
"LE.RPMI_8226","LC.HOP_62",0.513247088643743
"LE.MOLT_4","LE.K_562",0.513120865835343
"LE.SR","LC.HOP_62",0.512907179904994
"LE.RPMI_8226","CO.KM12",0.512437506647416
"LE.K_562","LC.HOP_62",0.51165057316982
"ME.SK_MEL_2","LC.NCI_H322M",0.51123661727895
"LE.SR","LC.NCI_H226",0.511130328276342
"RE.SN12C","LE.RPMI_8226",0.510928998383299
"CNS.SF_268","BR.T47D",0.510579666972605
"CO.HCC_2998","BR.BT_549",0.510546223397262
"ME.M14","LE.MOLT_4",0.510344741047815
"ME.UACC_62","LC.NCI_H322M",0.510342956424415
"RE.A498","LE.SR",0.510024549637094
"CNS.SF_539","BR.MCF7",0.50990159967434
"ME.SK_MEL_28","LC.NCI_H322M",0.509695506692837
"CO.SW_620","CNS.SNB_75",0.509645570190016
"ME.M14","LE.K_562",0.509534388164518
"RE.786_0","CO.COLO205",0.509230773437925
"CNS.SNB_19","BR.T47D",0.509055212686107
"OV.OVCAR_5","LE.K_562",0.508655681574866
"ME.MDA_N","LC.NCI_H322M",0.508584140087307
"LE.K_562","BR.MCF7",0.507887853663464
"CO.HCT_15","CNS.SF_539",0.507533611223221
"ME.MDA_MB_435","BR.T47D",0.50737129253223
"RE.ACHN","LE.SR",0.507143135762436
"ME.MDA_MB_435","BR.MCF7",0.507054740005886
"ME.MDA_MB_435","LE.RPMI_8226",0.506998475811204
"ME.UACC_62","CO.SW_620",0.506442723898937
"RE.ACHN","LE.RPMI_8226",0.506209759688237
"LE.RPMI_8226","LC.HOP_92",0.505946074112313
"ME.MDA_N","BR.MCF7",0.505800425193693
"LE.K_562","LC.NCI_H460",0.505764703824613
"LE.MOLT_4","LC.NCI_H23",0.505740618754008
"CO.HCC_2998","CNS.U251",0.505478562469862
"ME.LOXIMVI","CO.HCT_15",0.505307445689721
"OV.SK_OV_3","LE.RPMI_8226",0.504433442541827
"ME.MDA_MB_435","LE.SR",0.504407790367881
"OV.OVCAR_4","LE.K_562",0.503670284125229
"LE.K_562","BR.MDA_MB_231",0.503653430006942
"LE.HL_60","CO.SW_620",0.50346208016704
"ME.MDA_N","BR.T47D",0.503355325984268
"RE.RXF_393","CO.COLO205",0.503260117546439
"LE.MOLT_4","BR.MDA_MB_231",0.503255382406504
"RE.UO_31","LE.RPMI_8226",0.502242538267054
"ME.UACC_257","BR.MCF7",0.502085775065289
"CNS.SF_539","BR.T47D",0.502018320140182
"ME.UACC_257","CO.HCT_15",0.501668512070084
"RE.UO_31","CO.COLO205",0.501444645986646
"ME.MDA_N","LE.SR",0.501104517324516
"ME.MDA_MB_435","CO.KM12",0.500454519833393
"PR.DU_145","LE.HL_60",0.499883028395003
"ME.SK_MEL_28","BR.MCF7",0.499526868610935
"RE.CAKI_1","LE.RPMI_8226",0.499464368414058
"PR.PC_3","LE.SR",0.499369161026076
"ME.MDA_N","LE.RPMI_8226",0.499358050782957
"ME.M14","CO.KM12",0.499268203309248
"LE.HL_60","BR.MDA_MB_231",0.499090856232033
"ME.MALME_3M","CO.HCC_2998",0.499025747667303
"LE.MOLT_4","LC.NCI_H522",0.499012386233161
"ME.LOXIMVI","LE.RPMI_8226",0.498473895157183
"LE.HL_60","CO.HCT_116",0.498388909598484
"PR.PC_3","LE.K_562",0.497086875935694
"CO.KM12","CNS.SNB_19",0.49681176082882
"LE.SR","CO.SW_620",0.496695792696209
"ME.SK_MEL_28","LE.RPMI_8226",0.496457851272127
"ME.MDA_N","CO.KM12",0.496368624462094
"OV.OVCAR_8","LE.HL_60",0.496004444906348
"RE.CAKI_1","LE.SR",0.495944116172309
"ME.MDA_MB_435","CO.HCC_2998",0.495668292890496
"ME.UACC_62","BR.MCF7",0.495642376129177
"CO.HCT_15","CNS.SNB_75",0.495358359803955
"ME.MALME_3M","LC.NCI_H322M",0.495092416235972
"CNS.SNB_75","BR.T47D",0.494999617976967
"LE.SR","CNS.SF_295",0.494994966920685
"CO.SW_620","BR.HS578T",0.494987121367384
"LE.RPMI_8226","LC.NCI_H322M",0.494980483433612
"RE.786_0","LE.MOLT_4",0.494506886030464
"LC.NCI_H23","CO.COLO205",0.494186038570476
"ME.MALME_3M","LE.RPMI_8226",0.494110619813767
"ME.SK_MEL_28","BR.T47D",0.493691717777457
"CO.HCC_2998","CNS.SF_295",0.493641838345915
"ME.SK_MEL_2","LE.RPMI_8226",0.493450244037603
"ME.LOXIMVI","CO.HCC_2998",0.493060566071973
"CNS.SF_295","BR.T47D",0.493046688173248
"ME.SK_MEL_2","LE.K_562",0.492623776778048
"ME.LOXIMVI","CO.KM12",0.492566806209368
"CNS.SF_295","BR.MCF7",0.492209455946731
"ME.SK_MEL_5","CO.HCC_2998",0.492095362698953
"CNS.SNB_75","BR.MCF7",0.492056834278814
"ME.UACC_62","CO.HCT_15",0.492002094146615
"LE.SR","BR.BT_549",0.491798621427289
"ME.UACC_62","BR.T47D",0.491783995123222
"ME.MDA_MB_435","LE.K_562",0.491714704754894
"ME.UACC_62","LE.K_562",0.491600820808646
"LE.K_562","LC.HOP_92",0.491446526249456
"ME.SK_MEL_28","LE.SR",0.491421932813809
"LE.RPMI_8226","BR.T47D",0.491305656950999
"RE.UO_31","LE.MOLT_4",0.491284910005536
"BR.MCF7","BR.HS578T",0.490692146189191
"LE.SR","CO.HCT_15",0.490497787011231
"RE.CAKI_1","LE.K_562",0.490218366075815
"ME.MDA_N","LE.K_562",0.490174698025034
"ME.MDA_N","CO.HCC_2998",0.490111317190709
"ME.UACC_257","LE.RPMI_8226",0.490023148938494
"LE.MOLT_4","CO.SW_620",0.49001494481815
"LE.RPMI_8226","CNS.U251",0.48985171272303
"LE.RPMI_8226","LC.NCI_H522",0.489818954121853
"LE.MOLT_4","LC.NCI_H226",0.489342514581004
"ME.UACC_257","LE.K_562",0.489258500691274
"CO.KM12","BR.BT_549",0.489249419371451
"CO.HCT_15","BR.HS578T",0.488839506870781
"LE.MOLT_4","BR.BT_549",0.488091929588993
"ME.MALME_3M","LE.MOLT_4",0.487768866087185
"LE.MOLT_4","CNS.SF_295",0.487524175810641
"ME.M14","LE.HL_60",0.487256163747297
"RE.UO_31","LE.SR",0.486998112963293
"ME.SK_MEL_2","CO.SW_620",0.486962197981853
"RE.CAKI_1","LE.MOLT_4",0.486807106153213
"LE.MOLT_4","CO.HCT_116",0.486799453415211
"ME.SK_MEL_28","LE.MOLT_4",0.486765968967302
"OV.IGROV1","LE.MOLT_4",0.486555459234092
"RE.RXF_393","LE.MOLT_4",0.486437969561946
"ME.SK_MEL_28","CO.HCC_2998",0.486200675976335
"OV.NCI_ADR_RES","LE.HL_60",0.486103116593076
"LE.K_562","LC.A549",0.486079917418983
"CO.HT29","BR.BT_549",0.485960012640153
"ME.SK_MEL_5","CO.KM12",0.485838293162114
"ME.SK_MEL_5","LE.K_562",0.485820777851617
"OV.OVCAR_5","LE.HL_60",0.485595473026219
"ME.LOXIMVI","CO.HT29",0.485475457517031
"CO.HT29","CNS.U251",0.485145250650278
"ME.SK_MEL_5","LE.RPMI_8226",0.484745385393796
"RE.TK_10","LE.MOLT_4",0.484709090402049
"ME.UACC_257","BR.T47D",0.483782983732338
"BR.T47D","BR.HS578T",0.483745292192266
"LE.SR","CNS.SF_268",0.483694207091972
"LE.SR","LC.A549",0.483462086691037
"LE.K_562","LC.EKVX",0.483372612190874
"CO.HT29","CNS.SF_295",0.483162717196642
"ME.MALME_3M","LE.SR",0.482656600473928
"LE.RPMI_8226","CNS.SF_268",0.482101148489393
"RE.TK_10","LE.K_562",0.482083131822223
"ME.SK_MEL_28","LE.K_562",0.481867368623714
"ME.LOXIMVI","LE.K_562",0.481547275778473
"LE.RPMI_8226","CNS.SF_295",0.481319832623356
"OV.OVCAR_3","LE.K_562",0.481180740080263
"LE.HL_60","LC.HOP_62",0.480492223083618
"ME.SK_MEL_2","BR.T47D",0.479680389135608
"CO.KM12","CNS.SF_295",0.479291738094723
"LE.HL_60","LC.NCI_H23",0.47928828017428
"ME.LOXIMVI","BR.MCF7",0.478520266859855
"CO.HCC_2998","CNS.SNB_19",0.478260069511579
"OV.OVCAR_4","LE.MOLT_4",0.478221111451343
"ME.SK_MEL_2","LE.SR",0.477888376094158
"OV.IGROV1","LE.SR",0.477874584212819
"LE.HL_60","CO.HCT_15",0.477456102128863
"LC.NCI_H522","CO.KM12",0.477390753491948
"ME.MDA_MB_435","CO.HT29",0.477365208576816
"ME.MDA_MB_435","LE.MOLT_4",0.477103131172937
"ME.M14","CO.HT29",0.476896331159027
"ME.SK_MEL_2","CO.HCT_15",0.476610735109193
"LE.SR","CO.HCC_2998",0.476087563428658
"ME.LOXIMVI","LE.MOLT_4",0.476084820594931
"ME.MALME_3M","CO.KM12",0.475608556228822
"LC.NCI_H226","CO.COLO205",0.475402104285524
"RE.ACHN","LE.K_562",0.475276633379789
"LE.MOLT_4","LC.NCI_H460",0.475026259330361
"RE.A498","LE.MOLT_4",0.474888547322139
"OV.OVCAR_5","LE.MOLT_4",0.473803295716766
"RE.A498","LE.K_562",0.473512311858898
"LE.RPMI_8226","CNS.SNB_19",0.473228982631472
"ME.UACC_62","CO.KM12",0.473215571799484
"LE.SR","CNS.SNB_19",0.472703010103064
"LE.SR","CNS.SF_539",0.472532542323927
"LE.SR","CNS.U251",0.472219372347743
"CO.KM12","CNS.SF_268",0.472207913263282
"OV.NCI_ADR_RES","CO.COLO205",0.472196841374762
"LE.MOLT_4","LC.HOP_92",0.472180225940759
"ME.UACC_62","LE.SR",0.472075746550309
"LE.MOLT_4","CNS.SNB_75",0.471643628243462
"LE.CCRF_CEM","CO.SW_620",0.471418287150136
"OV.OVCAR_8","CO.COLO205",0.471327117818515
"ME.MDA_N","CO.HT29",0.471078259333204
"LE.K_562","BR.T47D",0.4706777581023
"ME.SK_MEL_2","BR.MCF7",0.470357987268799
"OV.OVCAR_3","LE.MOLT_4",0.470288623916264
"LE.SR","BR.MCF7",0.470132754568622
"LE.RPMI_8226","LC.EKVX",0.470034783844374
"ME.UACC_257","LC.NCI_H322M",0.469955401031759
"LE.HL_60","CO.HCC_2998",0.469727081386547
"ME.MDA_N","LE.MOLT_4",0.469377304365876
"ME.UACC_62","LE.RPMI_8226",0.469178090591464
"OV.SK_OV_3","LE.SR",0.468860520487923
"RE.786_0","LE.K_562",0.468839390729935
"RE.ACHN","LE.MOLT_4",0.468186057126649
"ME.SK_MEL_28","CO.KM12",0.468095344951818
"LE.HL_60","CO.COLO205",0.467649446398644
"LE.RPMI_8226","BR.BT_549",0.467291888633951
"ME.SK_MEL_5","LE.SR",0.467083466350528
"LE.RPMI_8226","CNS.SNB_75",0.466847198946285
"ME.SK_MEL_2","LE.MOLT_4",0.466774168885735
"OV.SK_OV_3","LE.MOLT_4",0.466679885093426
"ME.MALME_3M","LE.K_562",0.465918312254153
"ME.M14","CO.COLO205",0.465570977163203
"OV.OVCAR_4","LE.SR",0.465460592908595
"CO.HCC_2998","CNS.SNB_75",0.465049279839151
"RE.SN12C","LE.HL_60",0.464772019962747
"LE.HL_60","BR.MCF7",0.46477193507081
"OV.IGROV1","LE.HL_60",0.464105232013609
"PR.PC_3","LE.MOLT_4",0.464068446924032
"RE.TK_10","LE.HL_60",0.464064171542741
"LE.MOLT_4","LC.A549",0.463172838593483
"LE.HL_60","LC.NCI_H460",0.462581494276025
"LE.HL_60","LC.HOP_92",0.462568476293075
"LE.K_562","CNS.U251",0.462492563799047
"LE.SR","CNS.SNB_75",0.462030628815233
"CO.HCC_2998","CNS.SF_539",0.461693179362332
"ME.UACC_257","CO.HCC_2998",0.461597458126538
"LE.MOLT_4","CO.HCT_15",0.461036025130037
"LE.K_562","CO.KM12",0.460675156441108
"RE.UO_31","LE.K_562",0.460586326295885
"LE.MOLT_4","CNS.SF_539",0.460396532400116
"LE.MOLT_4","BR.MCF7",0.460384678680457
"OV.SK_OV_3","LE.K_562",0.460169153273916
"LE.RPMI_8226","CNS.SF_539",0.460168189214116
"LE.K_562","CO.HT29",0.459996184839456
"LE.SR","CO.HT29",0.459372148903269
"OV.OVCAR_8","LE.CCRF_CEM",0.459266344731466
"LE.SR","LC.NCI_H522",0.459222918619295
"ME.SK_MEL_5","LE.MOLT_4",0.459151601663596
"LE.SR","LC.EKVX",0.458963928741466
"ME.UACC_257","LE.SR",0.458608117892355
"LE.K_562","CNS.SF_295",0.458559111037167
"ME.UACC_257","LE.MOLT_4",0.45792612769712
"RE.SN12C","CO.COLO205",0.457746209753161
"CO.KM12","CNS.SF_539",0.457670656071226
"ME.SK_MEL_2","CO.HCC_2998",0.456900592708622
"OV.OVCAR_3","LE.HL_60",0.456765319831363
"LE.SR","BR.HS578T",0.456685995902916
"ME.UACC_62","CO.HCC_2998",0.456563700177728
"ME.UACC_257","CO.KM12",0.456248819870516
"RE.RXF_393","LE.K_562",0.454904032527795
"LE.K_562","CO.COLO205",0.454369489778119
"ME.MALME_3M","CO.HT29",0.45432259973062
"OV.OVCAR_4","LE.HL_60",0.454244542253647
"LE.K_562","BR.BT_549",0.453638671020012
"ME.MALME_3M","LE.HL_60",0.453565390112535
"CO.HCC_2998","CNS.SF_268",0.453480671508844
"LE.CCRF_CEM","BR.MDA_MB_231",0.453147234242026
"LE.K_562","LC.NCI_H226",0.45281503170143
"LE.SR","CO.KM12",0.452636246743044
"ME.UACC_62","LE.MOLT_4",0.452624230064928
"OV.NCI_ADR_RES","LE.CCRF_CEM",0.4525520064075
"LC.NCI_H522","CO.HT29",0.451946078972731
"ME.LOXIMVI","LE.HL_60",0.451806510892701
"ME.LOXIMVI","BR.T47D",0.451678110661778
"ME.MDA_MB_435","LE.HL_60",0.451332674240193
"CO.HT29","CNS.SNB_19",0.451193660787706
"RE.CAKI_1","LE.HL_60",0.451041078786627
"RE.SN12C","LE.CCRF_CEM",0.450936321991712
"CO.KM12","CNS.SNB_75",0.450136351345642
"ME.MDA_MB_435","CO.COLO205",0.449635202330321
"CO.HT29","CNS.SF_539",0.449281177388744
"LE.HL_60","LC.NCI_H522",0.448641160781009
"LE.CCRF_CEM","LC.NCI_H23",0.448630379127886
"ME.MDA_N","CO.COLO205",0.448526384076146
"ME.MDA_N","LE.HL_60",0.448365247146103
"ME.SK_MEL_2","CO.KM12",0.447742526818289
"CO.HT29","CNS.SNB_75",0.447714954787738
"ME.M14","LE.CCRF_CEM",0.447643637059611
"PR.PC_3","LE.HL_60",0.447551720644696
"RE.ACHN","LE.HL_60",0.447362255296764
"LE.HL_60","CO.HT29",0.446569124302266
"ME.SK_MEL_28","LE.HL_60",0.446369465886434
"LE.CCRF_CEM","LC.NCI_H522",0.44622261324718
"ME.MALME_3M","CO.COLO205",0.445926136063182
"LE.HL_60","LC.A549",0.445628888922972
"RE.786_0","LE.HL_60",0.445130931021097
"ME.UACC_257","LE.HL_60",0.44437215894497
"PR.DU_145","LE.CCRF_CEM",0.444010055810538
"LE.K_562","BR.HS578T",0.443676094292685
"LE.SR","CO.COLO205",0.443534593224733
"RE.RXF_393","LE.HL_60",0.443534054611246
"CO.KM12","BR.HS578T",0.443441296833198
"LE.CCRF_CEM","LC.HOP_62",0.443248300685536
"CO.HCC_2998","BR.HS578T",0.443168084372865
"RE.UO_31","LE.HL_60",0.443023736910124
"LE.SR","LC.NCI_H322M",0.442818947278717
"ME.SK_MEL_28","CO.HT29",0.441721384548193
"LE.CCRF_CEM","CO.HCT_116",0.441567040309806
"OV.OVCAR_3","LE.SR",0.441407958879807
"LE.K_562","LC.NCI_H322M",0.441318440037749
"LE.HL_60","CO.KM12",0.439296291864287
"LE.RPMI_8226","BR.HS578T",0.439153969179141
"OV.OVCAR_5","LE.CCRF_CEM",0.437898491593371
"ME.SK_MEL_2","LE.HL_60",0.437563263923013
"LE.MOLT_4","BR.HS578T",0.437239933154959
"ME.SK_MEL_5","LE.HL_60",0.436538829912442
"RE.A498","LE.HL_60",0.435706918736741
"LE.HL_60","LC.NCI_H226",0.435195366907724
"OV.SK_OV_3","LE.HL_60",0.435111939014702
"LE.K_562","CNS.SF_268",0.43503777450701
"OV.IGROV1","LE.CCRF_CEM",0.434809760557073
"LE.K_562","CNS.SNB_19",0.434266004160323
"LE.SR","BR.T47D",0.433753326467588
"LE.CCRF_CEM","CO.HCT_15",0.432785016887808
"ME.SK_MEL_5","CO.COLO205",0.431735707547251
"LE.CCRF_CEM","BR.MCF7",0.43146303403001
"CO.COLO205","CNS.U251",0.429616183238903
"ME.MALME_3M","LE.CCRF_CEM",0.429569814211869
"LE.K_562","CNS.SF_539",0.429315042201929
"ME.LOXIMVI","CO.COLO205",0.427723865724884
"ME.SK_MEL_28","LE.CCRF_CEM",0.426340073941195
"ME.SK_MEL_28","CO.COLO205",0.426302590351171
"ME.UACC_257","CO.HT29",0.425680042877053
"ME.SK_MEL_5","CO.HT29",0.425506090297335
"ME.SK_MEL_2","CO.HT29",0.425342290713664
"CO.HT29","BR.HS578T",0.424196098144696
"LE.CCRF_CEM","LC.HOP_92",0.423534190158723
"RE.TK_10","LE.CCRF_CEM",0.423324402595358
"LE.HL_60","BR.BT_549",0.422999583425827
"CO.COLO205","CNS.SF_295",0.422283681631241
"ME.MDA_MB_435","LE.CCRF_CEM",0.421353936694396
"LE.MOLT_4","CO.HCC_2998",0.420991635597227
"CO.HT29","CNS.SF_268",0.420929979324314
"LE.HL_60","BR.T47D",0.420771902036575
"ME.LOXIMVI","LE.CCRF_CEM",0.420750895516925
"LE.MOLT_4","CO.COLO205",0.420420125639451
"RE.RXF_393","LE.CCRF_CEM",0.420342541973292
"ME.MDA_N","LE.CCRF_CEM",0.418166964326233
"LE.CCRF_CEM","CO.COLO205",0.417471585442173
"ME.UACC_257","LE.CCRF_CEM",0.417167844614585
"LE.HL_60","LC.NCI_H322M",0.416653526701166
"LC.NCI_H522","CO.COLO205",0.416492948188952
"ME.UACC_62","CO.HT29",0.416142582946892
"CO.COLO205","BR.BT_549",0.415663754740342
"RE.786_0","LE.CCRF_CEM",0.414249959293423
"RE.UO_31","LE.CCRF_CEM",0.414063215396915
"ME.UACC_257","CO.COLO205",0.413586390224786
"ME.UACC_62","LE.HL_60",0.41287164689513
"RE.CAKI_1","LE.CCRF_CEM",0.412154379768863
"LE.HL_60","CNS.SF_268",0.411184812283812
"LE.HL_60","LC.EKVX",0.409112785044744
"LE.HL_60","CNS.U251",0.408628403885371
"OV.OVCAR_4","LE.CCRF_CEM",0.408146548627031
"LE.MOLT_4","LC.EKVX",0.408145207194004
"ME.SK_MEL_2","CO.COLO205",0.40747308376579
"LE.HL_60","CNS.SF_295",0.407284948241576
"LE.MOLT_4","LC.NCI_H322M",0.407041871549567
"RE.ACHN","LE.CCRF_CEM",0.405425080438596
"LE.MOLT_4","CO.KM12",0.405343874899032
"LE.K_562","CNS.SNB_75",0.405285589121988
"OV.OVCAR_3","LE.CCRF_CEM",0.405274314590831
"LE.MOLT_4","BR.T47D",0.404971088383768
"ME.SK_MEL_5","LE.CCRF_CEM",0.404704511904835
"LE.MOLT_4","CO.HT29",0.404591368479184
"LE.CCRF_CEM","CO.HCC_2998",0.404322479826242
"PR.PC_3","LE.CCRF_CEM",0.404124542551238
"LE.CCRF_CEM","BR.BT_549",0.403830404580801
"LE.CCRF_CEM","CNS.SF_268",0.402822783892576
"LE.CCRF_CEM","LC.NCI_H460",0.402812807636641
"CO.COLO205","CNS.SNB_19",0.400256776924951
"LE.HL_60","CNS.SNB_19",0.39992043025556
"LE.HL_60","CNS.SF_539",0.399287039089535
"RE.A498","LE.CCRF_CEM",0.398741850667847
"CO.COLO205","CNS.SF_539",0.398275512771218
"LE.CCRF_CEM","CO.HT29",0.397562056017489
"LE.CCRF_CEM","LC.NCI_H226",0.396770243359594
"ME.SK_MEL_2","LE.CCRF_CEM",0.394841699519516
"OV.SK_OV_3","LE.CCRF_CEM",0.394592077782319
"ME.UACC_62","CO.COLO205",0.394099750010246
"LE.CCRF_CEM","CNS.SNB_19",0.389592465682202
"LE.CCRF_CEM","CO.KM12",0.389088645275495
"LE.CCRF_CEM","CNS.U251",0.388742656224001
"CO.COLO205","CNS.SNB_75",0.384577127830694
"ME.UACC_62","LE.CCRF_CEM",0.384566829394828
"LE.CCRF_CEM","CNS.SF_539",0.38417926121438
"LE.CCRF_CEM","LC.A549",0.381276855313612
"LE.CCRF_CEM","CNS.SF_295",0.380630364779715
"LE.HL_60","CNS.SNB_75",0.37946299770742
"CO.COLO205","BR.HS578T",0.377781445261152
"CO.COLO205","CNS.SF_268",0.377780321473635
"LE.HL_60","BR.HS578T",0.377042319020583
"LE.CCRF_CEM","BR.T47D",0.372316018682977
"LE.CCRF_CEM","BR.HS578T",0.36437279233008
"LE.CCRF_CEM","CNS.SNB_75",0.363693685320447
"LE.CCRF_CEM","LC.EKVX",0.354157075989759
"LE.CCRF_CEM","LC.NCI_H322M",0.350723762396473
